Employee_ID,Age,Gender,Department,Shift_Type,Daily_Wages,Overtime_Hours,Distance_km,Years_of_Service,Last_Month_Leave,Satisfaction,Fatigue_Score,OT_Trend,Leave_Trend,Attrition
EMP_0001,21,Female,Production,Night,637,20,21,17,1,5,68.92,Stable,Falling,No
EMP_0002,47,Male,Quality,Night,902,9,24,18,2,5,47.98,Falling,Rising,No
EMP_0003,53,Male,Quality,Night,1319,19,21,0,1,1,59.32,Falling,Stable,No
EMP_0004,57,Male,Logistics,Night,1379,24,41,11,7,1,85.76,Stable,Stable,Yes
EMP_0005,36,Male,Logistics,Evening,532,9,14,7,2,5,28.51,Stable,Rising,No
EMP_0006,38,Male,Quality,Evening,1453,0,15,10,5,3,21.33,Stable,Rising,No
EMP_0007,41,Male,Quality,Night,1372,12,13,9,6,1,61.84,Stable,Rising,No
EMP_0008,52,Male,Logistics,Morning,1402,20,19,6,6,1,53.22,Stable,Rising,No
EMP_0009,51,Male,Quality,Morning,956,23,34,9,0,3,46.61,Rising,Stable,No
EMP_0010,28,Female,Maintenance,Morning,995,15,37,3,3,2,47.72,Stable,Rising,No
EMP_0011,51,Female,Maintenance,Night,603,23,27,3,4,1,75.05,Rising,Falling,Yes
EMP_0012,51,Male,Quality,Evening,639,20,39,12,3,3,50.42,Stable,Rising,No
EMP_0013,44,Male,Production,Evening,1489,21,19,11,0,2,41.82,Stable,Stable,No
EMP_0014,38,Male,Quality,Morning,1419,20,7,15,5,2,51.56,Stable,Falling,No
EMP_0015,33,Male,Maintenance,Evening,541,4,19,17,1,3,19.87,Stable,Stable,No
EMP_0016,55,Female,Maintenance,Evening,532,7,14,11,6,1,30.56,Rising,Falling,Yes
EMP_0017,51,Female,Logistics,Morning,979,23,13,6,0,4,41.94,Rising,Stable,No
EMP_0018,35,Male,Quality,Evening,1316,4,13,13,4,5,25.54,Stable,Falling,No
EMP_0019,23,Male,Logistics,Evening,855,6,2,14,3,3,26.79,Stable,Stable,No
EMP_0020,22,Male,Production,Night,1015,6,35,18,0,4,46.88,Stable,Stable,No
EMP_0021,21,Male,Production,Night,483,4,19,2,2,5,45.37,Stable,Stable,No
EMP_0022,39,Female,Maintenance,Evening,936,6,22,15,0,2,19.74,Falling,Falling,No
EMP_0023,21,Male,Quality,Morning,1257,3,20,2,0,1,18.99,Rising,Falling,No
EMP_0024,39,Male,Maintenance,Evening,812,23,42,9,0,1,51.38,Stable,Rising,No
EMP_0025,26,Male,Logistics,Evening,1465,18,43,3,4,4,56.86,Rising,Stable,No
EMP_0026,54,Male,Quality,Morning,1146,23,34,12,0,5,45.86,Stable,Rising,No
EMP_0027,47,Male,Logistics,Night,1356,19,43,3,1,2,65.71,Rising,Rising,No
EMP_0028,57,Male,Quality,Evening,1165,5,15,0,0,3,12.08,Stable,Stable,No
EMP_0029,52,Male,Production,Night,1134,7,37,12,0,2,41.42,Stable,Falling,No
EMP_0030,40,Male,Quality,Night,865,23,10,15,1,5,66.52,Rising,Stable,No
EMP_0031,49,Male,Logistics,Night,1407,24,11,8,0,3,63.59,Stable,Stable,No
EMP_0032,46,Female,Quality,Morning,939,21,6,7,2,5,43.43,Stable,Rising,No
EMP_0033,53,Female,Maintenance,Evening,1449,10,6,7,7,1,36.58,Falling,Stable,No
EMP_0034,52,Male,Logistics,Morning,745,21,35,4,4,4,53.38,Rising,Rising,No
EMP_0035,31,Male,Quality,Evening,500,1,33,18,6,5,31.18,Falling,Stable,No
EMP_0036,22,Male,Quality,Morning,797,2,28,1,3,1,26.42,Rising,Stable,No
EMP_0037,24,Male,Logistics,Night,1409,0,33,16,5,4,48.83,Stable,Falling,No
EMP_0038,19,Male,Production,Night,1036,18,44,19,6,2,83.83,Falling,Stable,Yes
EMP_0039,30,Male,Production,Morning,959,22,8,10,3,3,51.98,Stable,Stable,No
EMP_0040,53,Male,Production,Night,561,14,29,16,7,1,68.09,Stable,Stable,No
EMP_0041,29,Male,Quality,Morning,1398,10,24,1,5,5,41.58,Rising,Stable,No
EMP_0042,41,Female,Logistics,Evening,1031,13,16,5,5,5,41.61,Stable,Stable,No
EMP_0043,32,Female,Quality,Morning,1323,1,16,3,1,2,14.66,Rising,Stable,No
EMP_0044,37,Male,Logistics,Evening,1252,13,2,16,2,5,31.99,Stable,Rising,No
EMP_0045,55,Male,Production,Morning,633,7,19,7,6,1,31.67,Stable,Stable,No
EMP_0046,34,Male,Quality,Morning,744,2,11,14,1,5,14.64,Falling,Stable,No
EMP_0047,46,Male,Quality,Night,1417,18,14,14,5,3,67.91,Falling,Rising,No
EMP_0048,49,Male,Production,Night,1155,15,32,14,3,1,61.36,Stable,Stable,No
EMP_0049,25,Female,Logistics,Evening,542,23,38,2,6,4,68.99,Stable,Stable,No
EMP_0050,45,Female,Quality,Morning,723,5,33,0,0,5,19.08,Stable,Rising,No
EMP_0051,35,Female,Production,Night,569,4,9,16,6,1,49.65,Stable,Stable,No
EMP_0052,25,Male,Logistics,Morning,555,21,40,12,0,3,51.24,Rising,Falling,No
EMP_0053,33,Female,Maintenance,Morning,1292,8,24,5,6,5,39.88,Stable,Stable,No
EMP_0054,30,Male,Quality,Morning,756,20,31,15,7,5,63.89,Falling,Stable,No
EMP_0055,26,Male,Production,Evening,730,8,9,11,1,5,25.8,Falling,Falling,No
EMP_0056,20,Female,Maintenance,Morning,1091,3,5,15,2,2,20.91,Stable,Stable,No
EMP_0057,56,Male,Quality,Night,579,17,37,0,4,3,66.42,Rising,Stable,No
EMP_0058,44,Male,Logistics,Evening,527,8,27,6,4,5,32.8,Rising,Rising,No
EMP_0059,39,Female,Production,Morning,1350,19,16,13,7,2,56.71,Falling,Stable,No
EMP_0060,31,Male,Maintenance,Night,1184,11,44,9,2,2,59.63,Falling,Rising,No
EMP_0061,37,Male,Maintenance,Morning,1091,4,14,17,6,4,30.26,Rising,Rising,No
EMP_0062,36,Male,Quality,Evening,993,17,25,13,6,1,53.76,Stable,Stable,No
EMP_0063,20,Male,Maintenance,Evening,792,22,5,2,5,5,58.81,Falling,Rising,No
EMP_0064,46,Male,Production,Night,827,9,37,11,0,3,46.12,Stable,Stable,No
EMP_0065,41,Male,Production,Morning,692,2,16,13,1,4,14.01,Stable,Falling,No
EMP_0066,22,Male,Production,Evening,1046,17,20,18,1,5,43.64,Falling,Stable,No
EMP_0067,22,Male,Maintenance,Morning,929,5,2,14,7,5,35.44,Stable,Stable,No
EMP_0068,30,Male,Logistics,Night,1442,18,13,11,5,2,71.69,Falling,Rising,No
EMP_0069,40,Male,Production,Night,1184,10,22,11,3,5,53.39,Rising,Falling,No
EMP_0070,44,Male,Logistics,Evening,1380,12,20,15,3,4,35.14,Falling,Stable,No
EMP_0071,53,Male,Production,Morning,566,10,35,5,6,5,40.53,Falling,Stable,No
EMP_0072,22,Male,Production,Morning,1242,6,37,5,6,5,42.32,Falling,Stable,No
EMP_0073,30,Female,Quality,Evening,1495,1,4,1,6,1,24.99,Rising,Falling,No
EMP_0074,22,Male,Logistics,Morning,683,12,34,18,7,1,53.76,Falling,Rising,No
EMP_0075,49,Male,Logistics,Morning,1023,9,20,7,3,1,29.09,Rising,Falling,No
EMP_0076,25,Male,Logistics,Evening,843,21,10,17,0,4,44.57,Falling,Falling,No
EMP_0077,28,Male,Production,Morning,1281,23,1,6,0,3,45.02,Stable,Stable,No
EMP_0078,42,Male,Maintenance,Evening,782,22,30,2,0,5,46.37,Rising,Falling,No
EMP_0079,33,Male,Maintenance,Night,969,4,12,11,7,3,53.32,Stable,Falling,No
EMP_0080,57,Male,Maintenance,Night,494,6,3,3,4,4,41.02,Stable,Stable,No
EMP_0081,38,Male,Logistics,Morning,1044,1,15,10,1,2,12.93,Rising,Stable,No
EMP_0082,25,Male,Quality,Morning,1112,14,42,17,4,3,50.48,Falling,Falling,No
EMP_0083,31,Male,Logistics,Night,1041,1,24,0,0,2,34.18,Falling,Falling,No
EMP_0084,46,Female,Quality,Morning,1475,19,27,4,1,4,42.4,Stable,Rising,No
EMP_0085,57,Male,Logistics,Evening,711,8,1,19,3,4,21.27,Rising,Stable,No
EMP_0086,36,Male,Quality,Night,1119,11,34,18,6,4,66.16,Rising,Stable,No
EMP_0087,29,Male,Production,Morning,1414,12,14,10,3,2,37.56,Stable,Stable,No
EMP_0088,54,Male,Maintenance,Morning,1073,0,29,0,5,2,20.44,Rising,Stable,No
EMP_0089,54,Male,Maintenance,Night,881,12,21,6,7,3,62.87,Stable,Stable,No
EMP_0090,20,Male,Production,Morning,673,3,27,14,5,1,33.3,Stable,Stable,No
EMP_0091,35,Female,Logistics,Morning,1330,4,22,7,0,1,17.54,Stable,Stable,No
EMP_0092,24,Female,Maintenance,Night,520,18,11,17,2,1,65.24,Falling,Falling,No
EMP_0093,41,Male,Production,Night,1230,3,37,9,5,3,50.27,Stable,Rising,No
EMP_0094,34,Male,Maintenance,Evening,1043,14,19,2,1,2,35.62,Rising,Stable,No
EMP_0095,44,Male,Quality,Evening,1227,9,19,16,0,1,22.62,Rising,Falling,No
EMP_0096,19,Male,Logistics,Morning,664,19,7,4,3,4,49.71,Stable,Stable,No
EMP_0097,54,Female,Production,Morning,812,11,12,3,5,3,34.27,Falling,Falling,No
EMP_0098,48,Male,Logistics,Morning,1464,15,9,7,6,4,44.0,Rising,Stable,No
EMP_0099,20,Male,Quality,Morning,816,3,17,13,5,5,31.08,Stable,Stable,No
EMP_0100,38,Female,Logistics,Morning,1364,11,8,12,2,4,29.88,Rising,Stable,No
EMP_0101,23,Female,Maintenance,Morning,695,24,1,2,7,2,65.37,Falling,Stable,No
EMP_0102,49,Male,Logistics,Morning,1469,22,13,11,6,5,55.84,Rising,Rising,No
EMP_0103,26,Male,Production,Night,676,23,7,11,3,2,74.36,Stable,Rising,No
EMP_0104,48,Female,Quality,Evening,822,5,3,2,5,2,24.17,Stable,Stable,No
EMP_0105,57,Male,Quality,Morning,1068,20,19,7,3,3,44.47,Falling,Falling,No
EMP_0106,20,Male,Production,Night,1159,14,1,0,4,3,62.62,Stable,Stable,No
EMP_0107,31,Female,Quality,Morning,1429,13,23,10,7,5,50.66,Falling,Falling,No
EMP_0108,22,Male,Maintenance,Evening,688,21,27,1,2,4,54.1,Stable,Rising,No
EMP_0109,26,Female,Maintenance,Morning,616,16,4,12,0,1,34.99,Falling,Rising,No
EMP_0110,57,Male,Logistics,Night,1170,21,25,3,1,5,62.41,Rising,Stable,No
EMP_0111,43,Male,Maintenance,Night,1135,18,40,9,4,4,71.94,Stable,Falling,No
EMP_0112,25,Male,Production,Morning,1347,18,41,0,0,4,46.66,Stable,Rising,No
EMP_0113,32,Female,Logistics,Evening,552,10,37,17,1,4,33.72,Falling,Stable,No
EMP_0114,47,Male,Maintenance,Evening,1153,0,5,8,2,3,9.36,Rising,Stable,No
EMP_0115,39,Female,Production,Night,1032,0,41,11,7,2,51.86,Rising,Rising,No
EMP_0116,55,Male,Maintenance,Morning,986,6,20,3,1,4,17.79,Stable,Rising,No
EMP_0117,51,Female,Production,Morning,980,15,18,0,0,2,30.25,Stable,Rising,No
EMP_0118,43,Male,Logistics,Evening,1490,18,8,17,4,5,44.83,Stable,Stable,No
EMP_0119,32,Male,Production,Night,1449,20,44,19,0,1,68.78,Stable,Rising,No
EMP_0120,27,Female,Production,Night,1359,15,39,0,2,3,65.92,Stable,Stable,No
EMP_0121,33,Male,Maintenance,Morning,904,17,12,5,6,5,51.62,Rising,Stable,No
EMP_0122,25,Male,Logistics,Evening,1493,18,34,4,6,4,60.11,Rising,Rising,No
EMP_0123,20,Male,Production,Morning,780,4,31,18,6,3,38.29,Falling,Rising,No
EMP_0124,49,Female,Maintenance,Night,1161,18,12,7,5,4,66.72,Falling,Rising,No
EMP_0125,25,Male,Maintenance,Evening,1210,3,41,3,5,4,35.16,Stable,Stable,No
EMP_0126,29,Male,Maintenance,Evening,868,11,26,7,1,3,33.63,Stable,Stable,No
EMP_0127,31,Female,Maintenance,Night,611,12,29,11,3,5,60.39,Stable,Stable,No
EMP_0128,31,Male,Maintenance,Morning,1106,2,12,0,6,1,28.12,Falling,Stable,No
EMP_0129,44,Male,Logistics,Morning,1427,8,43,16,0,1,26.36,Falling,Rising,No
EMP_0130,26,Male,Maintenance,Morning,803,14,25,0,0,2,36.46,Stable,Stable,No
EMP_0131,32,Male,Quality,Morning,1086,4,17,0,6,5,32.18,Falling,Stable,No
EMP_0132,20,Male,Maintenance,Evening,1031,13,31,0,7,4,55.19,Stable,Stable,No
EMP_0133,33,Male,Quality,Morning,1222,10,21,4,2,1,32.42,Rising,Stable,No
EMP_0134,42,Female,Logistics,Evening,1288,3,18,13,6,4,28.3,Stable,Falling,No
EMP_0135,52,Female,Production,Evening,585,17,32,4,1,1,38.81,Stable,Falling,No
EMP_0136,22,Female,Maintenance,Evening,1279,23,40,3,2,5,60.19,Rising,Rising,No
EMP_0137,36,Male,Maintenance,Evening,1152,21,29,11,1,1,48.54,Stable,Stable,No
EMP_0138,43,Female,Maintenance,Evening,838,5,1,2,4,5,22.47,Stable,Stable,No
EMP_0139,42,Male,Logistics,Evening,803,4,36,16,0,4,18.9,Stable,Stable,No
EMP_0140,24,Male,Quality,Evening,1013,22,36,17,5,5,64.7,Stable,Falling,No
EMP_0141,52,Male,Maintenance,Evening,783,4,22,9,1,3,15.79,Rising,Falling,No
EMP_0142,56,Male,Logistics,Morning,863,7,28,2,0,5,18.42,Stable,Falling,No
EMP_0143,21,Female,Logistics,Morning,1455,11,23,6,6,3,47.46,Rising,Stable,No
EMP_0144,37,Male,Quality,Night,1279,13,10,6,5,4,61.27,Rising,Falling,No
EMP_0145,54,Male,Maintenance,Morning,1291,14,8,13,0,4,25.68,Rising,Stable,No
EMP_0146,37,Male,Logistics,Morning,632,20,42,3,5,4,59.58,Rising,Rising,No
EMP_0147,46,Male,Maintenance,Night,1100,19,28,4,4,2,70.12,Stable,Rising,No
EMP_0148,28,Male,Logistics,Evening,1244,23,34,3,7,1,69.86,Falling,Stable,No
EMP_0149,36,Male,Logistics,Evening,623,10,13,6,4,1,34.89,Stable,Rising,No
EMP_0150,22,Female,Logistics,Evening,462,21,23,16,0,2,48.21,Rising,Stable,Yes
EMP_0151,30,Male,Logistics,Evening,685,14,30,15,2,3,41.57,Rising,Falling,No
EMP_0152,45,Female,Quality,Evening,486,11,19,4,0,1,25.57,Stable,Stable,No
EMP_0153,47,Male,Production,Evening,1350,24,44,17,1,3,53.93,Stable,Stable,No
EMP_0154,30,Male,Logistics,Night,1401,8,24,18,0,1,45.63,Rising,Stable,No
EMP_0155,29,Male,Quality,Morning,1392,0,22,16,3,2,20.14,Stable,Stable,No
EMP_0156,22,Male,Maintenance,Evening,1377,18,33,6,4,1,55.63,Stable,Stable,No
EMP_0157,42,Male,Logistics,Evening,1382,12,38,10,0,5,32.14,Stable,Falling,No
EMP_0158,44,Female,Quality,Night,455,19,28,9,4,3,70.62,Rising,Rising,No
EMP_0159,46,Male,Logistics,Morning,890,11,11,8,6,2,38.54,Rising,Stable,No
EMP_0160,22,Male,Production,Evening,756,6,16,10,3,2,30.16,Stable,Falling,No
EMP_0161,54,Male,Logistics,Evening,1438,0,27,13,7,1,25.0,Stable,Stable,No
EMP_0162,33,Female,Production,Night,1293,15,8,18,0,3,52.53,Stable,Stable,No
EMP_0163,40,Female,Maintenance,Night,981,5,35,7,1,5,43.28,Falling,Rising,No
EMP_0164,42,Male,Logistics,Evening,557,11,40,10,3,5,38.49,Falling,Rising,No
EMP_0165,42,Male,Production,Morning,485,0,25,0,5,5,22.56,Falling,Stable,No
EMP_0166,55,Female,Quality,Morning,777,22,24,0,1,3,44.28,Stable,Stable,No
EMP_0167,23,Male,Quality,Evening,810,4,6,7,0,1,16.98,Rising,Rising,No
EMP_0168,24,Male,Logistics,Evening,1126,10,12,3,2,4,32.67,Stable,Falling,No
EMP_0169,28,Female,Production,Evening,957,19,27,11,6,3,59.4,Stable,Rising,No
EMP_0170,21,Male,Logistics,Morning,634,10,29,17,7,2,49.69,Rising,Stable,No
EMP_0171,56,Female,Logistics,Night,1432,7,21,12,2,3,41.87,Rising,Stable,No
EMP_0172,52,Male,Logistics,Night,1020,8,16,14,4,2,48.36,Stable,Falling,No
EMP_0173,24,Male,Quality,Night,1115,12,8,12,6,1,64.98,Stable,Stable,No
EMP_0174,28,Female,Logistics,Evening,1061,19,18,13,7,2,59.9,Stable,Stable,No
EMP_0175,34,Male,Quality,Morning,970,17,2,8,6,5,49.14,Rising,Stable,No
EMP_0176,47,Male,Maintenance,Evening,994,0,19,7,1,5,9.97,Stable,Stable,No
EMP_0177,21,Male,Logistics,Morning,608,9,2,4,0,1,24.59,Rising,Falling,No
EMP_0178,29,Male,Quality,Evening,912,2,28,10,4,2,27.17,Falling,Stable,No
EMP_0179,55,Male,Logistics,Night,1023,18,26,5,2,3,60.83,Rising,Rising,No
EMP_0180,22,Male,Logistics,Evening,1104,4,41,9,3,3,32.51,Falling,Stable,No
EMP_0181,22,Male,Quality,Night,848,4,37,14,5,3,56.62,Stable,Rising,No
EMP_0182,42,Male,Quality,Evening,699,4,8,7,4,2,22.68,Falling,Falling,No
EMP_0183,46,Male,Production,Morning,1135,21,3,18,4,3,47.77,Rising,Stable,No
EMP_0184,53,Male,Logistics,Morning,1053,4,18,19,4,1,22.15,Stable,Rising,No
EMP_0185,56,Male,Logistics,Evening,697,4,5,16,7,5,26.01,Stable,Stable,No
EMP_0186,42,Female,Production,Night,978,15,3,10,3,4,56.67,Rising,Rising,No
EMP_0187,40,Male,Maintenance,Night,729,21,7,19,1,4,62.66,Falling,Falling,No
EMP_0188,44,Female,Quality,Morning,944,21,39,0,5,3,58.77,Stable,Stable,No
EMP_0189,36,Female,Maintenance,Evening,570,19,19,4,5,2,53.12,Stable,Stable,No
EMP_0190,21,Male,Quality,Morning,822,11,31,3,3,2,41.74,Stable,Falling,No
EMP_0191,29,Male,Production,Morning,1491,24,21,8,6,4,65.82,Stable,Stable,No
EMP_0192,27,Male,Logistics,Evening,614,1,36,15,5,1,30.35,Falling,Stable,No
EMP_0193,51,Male,Production,Evening,648,18,10,7,3,3,40.77,Rising,Stable,No
EMP_0194,44,Male,Quality,Night,1216,12,42,18,6,2,67.53,Rising,Rising,No
EMP_0195,54,Male,Maintenance,Evening,751,12,32,2,2,1,32.81,Stable,Falling,No
EMP_0196,22,Male,Maintenance,Night,1091,24,35,14,0,1,75.68,Stable,Stable,Yes
EMP_0197,20,Male,Quality,Morning,833,21,1,2,5,2,56.32,Stable,Stable,No
EMP_0198,26,Male,Quality,Night,1323,6,43,18,3,1,55.16,Stable,Stable,No
EMP_0199,25,Female,Production,Morning,962,8,5,17,1,1,25.16,Falling,Stable,No
EMP_0200,54,Male,Logistics,Evening,1336,20,12,9,5,4,48.67,Stable,Stable,No
EMP_0201,52,Male,Quality,Morning,1303,23,20,6,4,3,53.24,Rising,Stable,No
EMP_0202,37,Male,Logistics,Morning,1136,6,3,7,6,3,31.02,Stable,Stable,No
EMP_0203,47,Male,Quality,Night,1003,17,26,12,7,5,73.73,Rising,Falling,No
EMP_0204,57,Male,Maintenance,Night,469,3,24,9,3,4,38.38,Falling,Stable,No
EMP_0205,24,Male,Quality,Night,1039,17,16,7,0,3,59.76,Rising,Rising,No
EMP_0206,28,Male,Maintenance,Night,1045,21,20,8,7,3,83.54,Rising,Stable,No
EMP_0207,23,Male,Maintenance,Morning,1218,3,9,5,1,4,18.55,Stable,Falling,No
EMP_0208,42,Female,Quality,Night,907,5,20,0,3,1,44.44,Stable,Stable,No
EMP_0209,40,Male,Maintenance,Morning,513,18,34,19,2,3,46.36,Stable,Rising,No
EMP_0210,44,Male,Maintenance,Evening,847,21,2,18,5,4,50.54,Stable,Stable,No
EMP_0211,55,Male,Quality,Night,588,9,13,2,0,2,38.54,Stable,Stable,No
EMP_0212,47,Male,Logistics,Evening,1126,1,20,6,5,3,21.79,Stable,Rising,No
EMP_0213,54,Male,Production,Morning,1245,17,26,8,7,3,51.98,Stable,Rising,No
EMP_0214,38,Female,Quality,Morning,1092,3,39,19,7,5,36.47,Rising,Stable,No
EMP_0215,36,Male,Maintenance,Morning,1462,11,16,1,6,5,42.16,Falling,Stable,No
EMP_0216,33,Male,Logistics,Morning,594,5,36,16,0,2,22.75,Rising,Stable,Yes
EMP_0217,33,Female,Quality,Evening,867,24,15,9,3,1,55.98,Rising,Stable,No
EMP_0218,42,Female,Production,Evening,1211,1,41,7,1,5,17.71,Rising,Rising,No
EMP_0219,47,Male,Maintenance,Night,458,18,43,0,5,2,74.11,Stable,Rising,No
EMP_0220,35,Male,Quality,Night,1163,8,14,16,0,2,42.16,Stable,Stable,No
EMP_0221,43,Male,Quality,Night,800,9,2,18,6,4,54.09,Stable,Stable,No
EMP_0222,34,Male,Production,Evening,987,6,39,7,6,4,39.77,Falling,Stable,No
EMP_0223,35,Male,Maintenance,Night,1421,18,1,7,6,2,70.27,Falling,Rising,No
EMP_0224,39,Male,Quality,Evening,1066,15,31,12,5,3,48.64,Stable,Stable,No
EMP_0225,45,Female,Maintenance,Night,632,8,5,5,5,1,50.16,Rising,Stable,No
EMP_0226,23,Male,Logistics,Evening,1016,12,29,4,4,2,44.89,Rising,Stable,No
EMP_0227,40,Male,Quality,Night,607,6,12,12,6,2,52.27,Stable,Rising,No
EMP_0228,51,Male,Production,Evening,1136,13,23,16,0,1,28.16,Stable,Rising,No
EMP_0229,20,Male,Production,Morning,1319,22,23,17,6,4,65.31,Rising,Stable,No
EMP_0230,53,Female,Quality,Night,1212,11,15,11,2,3,47.68,Stable,Stable,No
EMP_0231,37,Male,Quality,Morning,1200,21,14,11,1,3,44.96,Stable,Stable,No
EMP_0232,45,Female,Quality,Morning,1088,6,44,19,6,2,38.13,Stable,Stable,No
EMP_0233,54,Male,Quality,Morning,567,4,6,11,6,2,24.23,Stable,Falling,No
EMP_0234,57,Male,Production,Evening,1290,22,5,2,3,4,44.56,Stable,Stable,No
EMP_0235,20,Male,Production,Night,972,1,4,12,6,1,47.49,Rising,Stable,No
EMP_0236,36,Male,Maintenance,Evening,799,10,43,12,2,4,36.56,Falling,Falling,No
EMP_0237,41,Male,Logistics,Night,1470,18,7,15,2,3,60.11,Rising,Falling,No
EMP_0238,44,Male,Quality,Evening,491,23,2,11,4,3,51.24,Rising,Stable,No
EMP_0239,29,Female,Production,Morning,1394,19,14,14,1,3,43.76,Stable,Rising,No
EMP_0240,19,Male,Quality,Morning,695,10,28,8,0,4,32.47,Rising,Rising,No
EMP_0241,54,Male,Logistics,Morning,1339,2,9,13,3,1,14.2,Rising,Stable,No
EMP_0242,38,Male,Production,Night,1194,3,29,19,3,3,44.24,Rising,Falling,No
EMP_0243,49,Male,Production,Evening,1387,8,24,5,5,5,33.38,Falling,Rising,No
EMP_0244,26,Male,Logistics,Morning,961,18,35,19,6,2,60.08,Stable,Falling,No
EMP_0245,42,Male,Logistics,Evening,738,4,18,10,0,5,14.9,Stable,Stable,No
EMP_0246,38,Male,Logistics,Evening,572,6,11,0,1,1,20.04,Stable,Rising,No
EMP_0247,33,Male,Quality,Morning,1256,16,31,11,2,2,44.24,Stable,Stable,No
EMP_0248,48,Female,Quality,Night,1107,5,7,11,2,1,37.56,Falling,Stable,No
EMP_0249,38,Female,Maintenance,Evening,1442,21,31,5,7,4,63.49,Falling,Falling,No
EMP_0250,56,Male,Logistics,Morning,1197,12,34,19,2,2,32.76,Rising,Stable,No
EMP_0251,20,Male,Logistics,Morning,799,21,14,11,3,3,54.21,Stable,Stable,No
EMP_0252,24,Female,Production,Night,1395,19,26,16,0,3,65.18,Rising,Stable,No
EMP_0253,36,Male,Logistics,Morning,1292,16,23,2,1,2,39.21,Stable,Stable,No
EMP_0254,54,Male,Logistics,Night,1464,15,22,8,2,1,55.39,Stable,Stable,No
EMP_0255,32,Male,Production,Night,569,4,20,7,3,1,45.34,Stable,Stable,No
EMP_0256,44,Male,Logistics,Morning,644,18,26,4,5,4,51.08,Stable,Stable,No
EMP_0257,52,Male,Production,Evening,1065,19,44,9,0,1,42.18,Stable,Stable,No
EMP_0258,48,Male,Maintenance,Evening,1263,6,3,8,5,2,25.77,Stable,Stable,No
EMP_0259,25,Male,Maintenance,Night,804,17,15,12,0,4,59.28,Rising,Stable,No
EMP_0260,48,Male,Logistics,Evening,643,10,10,8,7,4,38.72,Stable,Stable,No
EMP_0261,36,Female,Maintenance,Evening,1490,4,35,3,3,2,27.68,Rising,Falling,No
EMP_0262,40,Male,Logistics,Morning,1130,9,13,0,6,3,37.29,Rising,Stable,No
EMP_0263,35,Male,Production,Morning,1205,3,8,13,6,3,27.83,Falling,Stable,No
EMP_0264,49,Female,Maintenance,Night,1060,5,5,15,4,5,41.86,Stable,Falling,No
EMP_0265,35,Male,Quality,Night,577,1,8,0,4,4,39.63,Rising,Rising,No
EMP_0266,49,Female,Logistics,Night,1095,3,22,13,2,4,37.44,Falling,Stable,No
EMP_0267,31,Male,Quality,Evening,708,22,34,8,5,4,62.51,Stable,Stable,No
EMP_0268,45,Male,Production,Morning,1228,14,5,15,3,4,34.76,Rising,Rising,No
EMP_0269,38,Male,Logistics,Night,754,23,25,12,6,2,82.86,Rising,Stable,Yes
EMP_0270,35,Female,Production,Night,962,16,31,9,6,3,73.74,Falling,Stable,No
EMP_0271,47,Male,Production,Night,1265,3,13,12,0,3,30.94,Stable,Stable,No
EMP_0272,57,Male,Quality,Evening,826,0,42,2,3,2,17.58,Rising,Stable,No
EMP_0273,53,Male,Logistics,Morning,798,17,10,12,5,1,43.67,Stable,Stable,No
EMP_0274,26,Male,Logistics,Night,1405,19,6,2,6,5,75.23,Stable,Rising,No
EMP_0275,56,Male,Quality,Evening,475,13,19,13,3,1,33.52,Stable,Falling,No
EMP_0276,33,Female,Logistics,Morning,839,11,32,16,1,2,33.96,Stable,Rising,No
EMP_0277,19,Male,Logistics,Morning,895,20,4,5,7,2,60.64,Stable,Stable,No
EMP_0278,51,Male,Quality,Morning,481,2,29,6,4,5,21.89,Rising,Stable,No
EMP_0279,21,Male,Logistics,Night,757,22,30,19,7,1,89.12,Rising,Rising,Yes
EMP_0280,57,Male,Maintenance,Morning,707,6,27,9,0,1,16.35,Rising,Stable,No
EMP_0281,56,Male,Quality,Evening,629,10,31,8,4,4,33.89,Rising,Rising,No
EMP_0282,33,Male,Quality,Morning,588,11,11,5,7,4,44.29,Stable,Falling,No
EMP_0283,36,Female,Maintenance,Evening,486,15,35,17,4,4,47.78,Rising,Stable,No
EMP_0284,56,Male,Production,Evening,517,10,34,13,7,1,42.06,Stable,Stable,No
EMP_0285,49,Male,Quality,Evening,483,0,35,1,2,1,15.53,Falling,Stable,No
EMP_0286,38,Male,Quality,Morning,1279,24,39,16,5,2,65.07,Stable,Rising,No
EMP_0287,25,Female,Production,Evening,852,18,10,1,5,1,52.27,Stable,Stable,No
EMP_0288,55,Male,Production,Evening,958,18,30,12,6,3,51.72,Stable,Stable,No
EMP_0289,45,Male,Maintenance,Night,1423,20,10,0,6,3,72.97,Falling,Rising,No
EMP_0290,26,Male,Quality,Morning,720,15,32,16,1,2,42.11,Stable,Stable,No
EMP_0291,32,Female,Quality,Evening,673,0,32,9,0,2,14.11,Stable,Stable,No
EMP_0292,33,Male,Production,Night,615,16,24,16,7,3,75.18,Stable,Stable,No
EMP_0293,25,Male,Production,Evening,521,24,6,8,4,3,58.48,Rising,Rising,No
EMP_0294,51,Male,Production,Night,634,8,26,2,3,1,48.33,Stable,Stable,No
EMP_0295,52,Male,Production,Morning,609,22,32,18,2,5,49.31,Stable,Stable,No
EMP_0296,22,Male,Maintenance,Evening,799,14,13,8,1,2,37.29,Falling,Stable,No
EMP_0297,19,Female,Quality,Evening,1191,22,21,5,7,3,67.62,Rising,Rising,No
EMP_0298,32,Male,Logistics,Morning,1190,6,39,6,4,3,35.27,Stable,Falling,No
EMP_0299,49,Male,Logistics,Morning,563,23,3,13,1,3,42.72,Rising,Stable,No
EMP_0300,56,Female,Logistics,Night,937,17,30,12,3,4,62.37,Stable,Stable,No
EMP_0301,38,Female,Maintenance,Night,1086,18,29,17,6,1,75.74,Rising,Stable,Yes
EMP_0302,21,Male,Quality,Evening,555,2,39,3,5,4,34.12,Falling,Stable,No
EMP_0303,53,Male,Maintenance,Evening,1467,21,1,15,0,1,35.57,Stable,Stable,No
EMP_0304,51,Male,Maintenance,Evening,529,5,29,2,3,3,24.19,Stable,Stable,No
EMP_0305,33,Male,Quality,Evening,1470,20,25,8,6,5,59.31,Falling,Falling,No
EMP_0306,21,Female,Production,Night,670,7,11,10,0,3,43.39,Stable,Stable,No
EMP_0307,46,Male,Maintenance,Morning,655,1,20,7,6,5,24.54,Falling,Falling,No
EMP_0308,45,Male,Quality,Night,639,17,8,1,3,4,60.23,Stable,Falling,No
EMP_0309,51,Male,Logistics,Night,1436,9,43,1,7,5,63.71,Stable,Rising,No
EMP_0310,37,Male,Maintenance,Morning,1305,1,2,9,1,5,10.29,Rising,Stable,No
EMP_0311,51,Female,Quality,Evening,1307,4,14,9,0,4,11.76,Stable,Stable,No
EMP_0312,49,Male,Production,Evening,985,24,4,15,4,1,52.04,Rising,Rising,No
EMP_0313,22,Male,Production,Morning,1211,9,30,6,2,4,35.57,Falling,Stable,No
EMP_0314,50,Male,Maintenance,Morning,666,14,33,3,1,1,34.73,Stable,Rising,No
EMP_0315,46,Female,Maintenance,Night,1349,9,34,2,3,1,52.96,Stable,Falling,No
EMP_0316,34,Male,Quality,Morning,1086,8,6,10,6,5,35.63,Stable,Stable,No
EMP_0317,46,Male,Quality,Evening,941,4,21,2,2,4,19.57,Falling,Falling,No
EMP_0318,33,Male,Production,Morning,794,3,12,3,7,5,31.72,Stable,Falling,No
EMP_0319,40,Male,Quality,Morning,1291,13,39,13,2,4,39.47,Rising,Stable,No
EMP_0320,49,Male,Maintenance,Morning,1285,8,26,0,2,5,26.33,Rising,Stable,No
EMP_0321,39,Male,Logistics,Evening,1278,16,26,10,5,1,49.13,Rising,Stable,No
EMP_0322,50,Male,Logistics,Morning,1383,21,10,18,0,5,38.32,Falling,Stable,No
EMP_0323,25,Male,Production,Evening,1439,5,29,15,5,4,35.69,Stable,Falling,No
EMP_0324,51,Female,Maintenance,Evening,1149,2,31,2,1,3,14.84,Stable,Stable,No
EMP_0325,26,Male,Maintenance,Morning,805,10,17,2,6,4,43.28,Stable,Stable,No
EMP_0326,32,Male,Quality,Evening,1005,3,7,4,7,5,30.86,Rising,Falling,No
EMP_0327,43,Male,Logistics,Night,859,12,29,16,3,5,57.39,Falling,Falling,No
EMP_0328,50,Male,Quality,Morning,500,20,39,12,3,1,50.67,Falling,Falling,No
EMP_0329,46,Male,Logistics,Night,983,24,25,1,5,2,79.96,Falling,Falling,Yes
EMP_0330,20,Female,Quality,Morning,634,13,44,16,7,5,58.08,Rising,Stable,No
EMP_0331,35,Female,Maintenance,Night,1223,10,26,19,6,5,63.03,Falling,Stable,No
EMP_0332,45,Male,Maintenance,Night,463,24,11,16,2,1,69.59,Rising,Stable,Yes
EMP_0333,20,Male,Production,Morning,1068,23,3,8,2,3,52.47,Falling,Stable,No
EMP_0334,26,Male,Quality,Evening,1303,23,18,11,0,3,49.3,Falling,Rising,No
EMP_0335,56,Male,Maintenance,Evening,1168,5,7,3,2,1,15.56,Stable,Stable,No
EMP_0336,38,Male,Maintenance,Morning,1266,19,27,17,2,3,46.9,Stable,Stable,No
EMP_0337,55,Male,Quality,Morning,900,19,36,3,7,4,57.15,Stable,Stable,No
EMP_0338,39,Male,Production,Morning,735,12,17,9,4,5,38.23,Rising,Falling,No
EMP_0339,44,Male,Maintenance,Evening,489,4,7,16,1,3,14.46,Falling,Stable,No
EMP_0340,49,Male,Production,Morning,465,2,25,14,4,2,21.51,Rising,Stable,Yes
EMP_0341,38,Female,Logistics,Morning,786,1,40,5,0,1,15.99,Rising,Rising,No
EMP_0342,24,Male,Production,Morning,1124,18,23,6,3,3,50.41,Falling,Stable,No
EMP_0343,33,Female,Logistics,Night,748,11,34,4,6,5,66.91,Stable,Rising,No
EMP_0344,19,Male,Logistics,Morning,893,19,22,18,5,3,58.04,Falling,Stable,No
EMP_0345,44,Female,Logistics,Morning,1283,13,30,13,2,5,36.47,Rising,Stable,No
EMP_0346,47,Female,Production,Evening,1038,7,11,2,3,1,24.39,Rising,Stable,No
EMP_0347,20,Male,Logistics,Morning,522,20,41,11,7,1,68.61,Stable,Rising,No
EMP_0348,40,Male,Logistics,Evening,949,2,32,1,0,2,15.31,Stable,Stable,No
EMP_0349,47,Male,Production,Morning,727,1,14,0,5,5,20.46,Stable,Falling,No
EMP_0350,27,Male,Production,Night,1195,21,11,12,6,1,79.29,Rising,Rising,Yes
EMP_0351,39,Male,Logistics,Evening,911,0,18,10,6,2,24.25,Falling,Rising,No
EMP_0352,50,Female,Production,Night,1146,5,17,2,5,4,46.78,Falling,Stable,No
EMP_0353,50,Male,Production,Evening,812,20,12,10,4,5,47.17,Rising,Falling,No
EMP_0354,44,Female,Quality,Evening,808,19,4,4,3,1,42.79,Stable,Falling,No
EMP_0355,31,Male,Production,Night,803,12,43,14,2,5,61.01,Stable,Falling,No
EMP_0356,21,Female,Quality,Morning,661,0,28,13,3,5,23.47,Rising,Stable,No
EMP_0357,50,Male,Quality,Evening,908,24,12,6,6,4,58.57,Falling,Stable,No
EMP_0358,51,Male,Production,Night,1037,1,8,18,5,1,38.13,Stable,Stable,No
EMP_0359,51,Male,Quality,Night,769,15,31,13,0,2,53.14,Rising,Stable,No
EMP_0360,31,Female,Logistics,Morning,1176,22,42,2,0,2,51.78,Stable,Stable,No
EMP_0361,24,Male,Maintenance,Evening,753,3,35,6,7,1,39.08,Stable,Stable,No
EMP_0362,22,Male,Maintenance,Morning,690,2,6,3,1,3,16.53,Rising,Stable,No
EMP_0363,56,Male,Maintenance,Morning,1082,24,18,12,5,2,55.9,Rising,Stable,No
EMP_0364,24,Male,Logistics,Morning,656,14,34,12,5,1,51.46,Falling,Stable,No
EMP_0365,21,Male,Logistics,Evening,745,11,25,3,2,3,37.91,Stable,Stable,No
EMP_0366,45,Male,Quality,Evening,829,24,26,16,3,4,55.43,Stable,Falling,No
EMP_0367,38,Male,Quality,Night,860,4,15,6,0,1,35.23,Rising,Stable,No
EMP_0368,36,Male,Production,Night,1325,19,40,9,7,5,82.79,Falling,Rising,No
EMP_0369,38,Male,Maintenance,Night,674,19,5,1,4,1,67.01,Falling,Rising,No
EMP_0370,48,Male,Quality,Morning,750,14,37,14,5,5,46.12,Rising,Stable,No
EMP_0371,28,Male,Logistics,Night,882,2,33,4,6,2,53.53,Falling,Stable,No
EMP_0372,41,Male,Quality,Night,517,24,32,7,0,5,70.26,Stable,Stable,No
EMP_0373,21,Female,Logistics,Evening,620,22,2,10,7,1,62.89,Stable,Stable,No
EMP_0374,27,Male,Logistics,Morning,977,20,17,3,3,1,51.53,Stable,Rising,No
EMP_0375,37,Female,Production,Morning,1036,13,31,11,0,5,33.44,Stable,Stable,No
EMP_0376,54,Male,Production,Morning,1044,21,20,8,3,5,47.04,Falling,Stable,No
EMP_0377,45,Male,Quality,Morning,1100,2,33,8,4,3,24.28,Stable,Stable,No
EMP_0378,46,Male,Maintenance,Night,532,5,25,11,6,5,52.06,Rising,Rising,No
EMP_0379,26,Male,Quality,Night,1139,4,44,19,0,2,44.68,Rising,Falling,No
EMP_0380,26,Male,Production,Night,1259,6,29,11,2,3,49.54,Stable,Falling,No
EMP_0381,36,Male,Quality,Evening,594,17,39,18,3,5,49.37,Stable,Stable,No
EMP_0382,39,Male,Logistics,Evening,1111,14,9,5,0,5,29.65,Stable,Stable,No
EMP_0383,31,Male,Logistics,Morning,943,8,21,18,7,3,42.22,Falling,Falling,No
EMP_0384,45,Female,Quality,Morning,753,13,33,5,6,2,46.88,Falling,Stable,No
EMP_0385,34,Female,Quality,Morning,710,7,29,15,5,3,36.64,Rising,Falling,No
EMP_0386,27,Male,Quality,Morning,784,2,24,15,7,1,34.28,Rising,Stable,No
EMP_0387,45,Male,Logistics,Evening,625,17,2,19,2,3,36.39,Rising,Rising,No
EMP_0388,35,Male,Logistics,Morning,1344,13,19,15,1,4,33.77,Rising,Rising,No
EMP_0389,21,Male,Quality,Morning,1404,6,43,7,1,1,31.41,Stable,Stable,No
EMP_0390,22,Male,Production,Evening,978,1,16,3,7,3,32.16,Stable,Falling,No
EMP_0391,19,Male,Quality,Evening,962,0,37,11,5,5,30.97,Rising,Rising,No
EMP_0392,32,Male,Logistics,Morning,1367,7,3,7,3,5,26.37,Stable,Stable,No
EMP_0393,26,Male,Maintenance,Night,531,7,22,1,5,2,57.09,Stable,Stable,No
EMP_0394,25,Male,Maintenance,Morning,1065,0,19,0,7,3,30.47,Stable,Stable,No
EMP_0395,48,Male,Production,Evening,1394,7,26,14,1,4,22.48,Falling,Stable,No
EMP_0396,43,Male,Logistics,Morning,1177,3,32,12,2,1,21.16,Stable,Rising,No
EMP_0397,57,Male,Quality,Night,1032,7,16,12,7,4,53.01,Falling,Stable,No
EMP_0398,34,Male,Production,Evening,1345,14,19,4,3,2,40.62,Stable,Stable,No
EMP_0399,29,Male,Quality,Evening,496,5,35,16,6,5,38.53,Stable,Rising,No
EMP_0400,43,Male,Quality,Evening,480,7,41,2,4,2,34.56,Stable,Falling,No
EMP_0401,51,Male,Logistics,Night,1400,15,35,2,3,2,61.53,Rising,Stable,No
EMP_0402,39,Female,Maintenance,Night,948,4,30,19,6,3,53.32,Stable,Stable,No
EMP_0403,28,Female,Logistics,Night,852,1,7,5,7,1,48.66,Rising,Stable,No
EMP_0404,27,Male,Production,Night,640,6,21,14,3,4,50.02,Rising,Falling,No
EMP_0405,19,Female,Quality,Night,1115,17,6,12,3,1,66.28,Rising,Stable,No
EMP_0406,52,Male,Maintenance,Morning,720,10,19,4,1,2,24.72,Stable,Stable,No
EMP_0407,49,Male,Quality,Night,972,24,11,15,4,1,73.59,Rising,Rising,No
EMP_0408,39,Male,Quality,Morning,1237,0,20,1,4,4,19.69,Stable,Stable,No
EMP_0409,42,Male,Quality,Morning,641,11,11,16,5,1,37.04,Stable,Stable,No
EMP_0410,37,Male,Production,Night,1069,10,43,14,0,3,51.31,Rising,Rising,No
EMP_0411,39,Female,Logistics,Morning,595,6,17,8,7,2,36.13,Falling,Stable,No
EMP_0412,43,Male,Production,Morning,1047,22,11,7,7,2,59.39,Stable,Stable,No
EMP_0413,38,Female,Production,Morning,1024,5,11,7,2,2,20.94,Stable,Stable,No
EMP_0414,44,Female,Maintenance,Morning,1297,20,22,13,3,4,48.39,Rising,Stable,No
EMP_0415,25,Male,Quality,Evening,546,18,36,10,2,1,50.55,Stable,Rising,No
EMP_0416,21,Male,Logistics,Night,1206,12,26,2,4,1,64.73,Stable,Falling,No
EMP_0417,26,Male,Production,Night,661,18,28,9,6,1,78.52,Falling,Stable,Yes
EMP_0418,48,Female,Production,Evening,523,9,1,16,6,2,32.62,Stable,Stable,No
EMP_0419,29,Male,Maintenance,Evening,528,5,13,4,2,5,23.64,Stable,Stable,No
EMP_0420,26,Male,Quality,Evening,702,18,25,8,4,1,52.86,Falling,Stable,No
EMP_0421,55,Female,Quality,Morning,603,7,37,5,4,4,30.67,Falling,Rising,No
EMP_0422,35,Male,Logistics,Evening,629,23,17,14,5,1,59.33,Stable,Stable,No
EMP_0423,26,Male,Maintenance,Morning,1268,1,9,11,5,3,24.6,Rising,Stable,No
EMP_0424,48,Male,Production,Morning,934,23,21,4,2,1,49.47,Stable,Rising,No
EMP_0425,34,Female,Production,Morning,598,9,29,9,4,4,37.34,Rising,Stable,No
EMP_0426,22,Female,Maintenance,Evening,888,16,15,13,0,1,38.43,Falling,Stable,No
EMP_0427,39,Male,Quality,Morning,925,15,21,16,2,1,38.92,Stable,Stable,No
EMP_0428,52,Male,Quality,Evening,1195,1,3,14,2,4,9.27,Stable,Stable,No
EMP_0429,53,Male,Production,Morning,1254,5,20,11,4,2,24.19,Falling,Falling,No
EMP_0430,31,Female,Quality,Night,570,0,35,15,2,4,40.03,Rising,Stable,No
EMP_0431,45,Male,Maintenance,Night,943,13,26,8,1,5,52.83,Stable,Rising,No
EMP_0432,26,Female,Maintenance,Night,1284,18,42,6,3,4,74.13,Stable,Stable,No
EMP_0433,47,Male,Quality,Evening,754,11,33,14,5,2,40.68,Rising,Stable,No
EMP_0434,34,Male,Quality,Evening,568,5,36,18,7,5,40.0,Stable,Falling,No
EMP_0435,23,Male,Logistics,Evening,1170,8,26,5,3,3,35.33,Stable,Stable,No
EMP_0436,55,Male,Quality,Night,1477,3,44,19,5,1,48.33,Rising,Stable,No
EMP_0437,28,Female,Production,Evening,1428,21,26,4,3,2,54.88,Stable,Stable,No
EMP_0438,33,Male,Production,Night,1236,6,1,16,7,2,54.07,Stable,Stable,No
EMP_0439,39,Male,Logistics,Morning,1184,5,11,12,6,3,30.69,Stable,Stable,No
EMP_0440,52,Female,Quality,Night,680,1,41,3,1,3,35.21,Stable,Falling,No
EMP_0441,40,Female,Maintenance,Night,1212,8,6,8,2,2,44.13,Rising,Falling,No
EMP_0442,40,Male,Logistics,Morning,912,6,15,0,6,4,32.93,Stable,Stable,No
EMP_0443,27,Male,Maintenance,Morning,530,2,13,3,5,1,26.84,Stable,Stable,No
EMP_0444,44,Male,Maintenance,Night,849,23,20,11,6,4,80.24,Stable,Stable,No
EMP_0445,31,Male,Production,Evening,1071,0,44,10,2,3,22.03,Rising,Stable,No
EMP_0446,36,Male,Quality,Evening,1062,22,36,2,2,2,54.2,Stable,Stable,No
EMP_0447,19,Male,Production,Evening,911,24,14,18,1,4,54.26,Rising,Falling,No
EMP_0448,41,Female,Logistics,Evening,1349,7,17,14,6,5,34.73,Stable,Falling,No
EMP_0449,51,Male,Logistics,Evening,722,5,38,8,2,2,23.69,Falling,Stable,No
EMP_0450,49,Female,Production,Night,647,11,37,11,7,3,66.07,Stable,Falling,No
EMP_0451,39,Female,Quality,Morning,1414,14,1,11,5,3,40.37,Stable,Stable,No
EMP_0452,41,Male,Logistics,Night,1174,11,7,15,1,4,46.41,Falling,Falling,No
EMP_0453,34,Male,Quality,Evening,1293,1,20,5,6,4,27.54,Rising,Stable,No
EMP_0454,45,Female,Logistics,Night,668,1,8,16,1,3,29.63,Stable,Stable,No
EMP_0455,55,Male,Logistics,Evening,1419,4,1,8,4,1,17.87,Stable,Rising,No
EMP_0456,56,Female,Production,Morning,761,4,10,4,7,4,27.12,Stable,Stable,No
EMP_0457,32,Female,Maintenance,Evening,1104,5,8,2,3,3,24.28,Falling,Stable,No
EMP_0458,55,Male,Quality,Evening,457,17,3,16,4,1,39.12,Rising,Stable,Yes
EMP_0459,25,Male,Production,Night,584,15,11,17,5,5,67.69,Stable,Stable,No
EMP_0460,30,Female,Production,Evening,1432,1,13,19,4,5,21.99,Stable,Rising,No
EMP_0461,46,Male,Production,Morning,1238,6,31,16,6,4,34.99,Stable,Rising,No
EMP_0462,21,Male,Logistics,Night,1299,5,35,15,2,2,50.53,Stable,Falling,No
EMP_0463,40,Male,Quality,Night,915,1,26,14,4,4,42.38,Rising,Stable,No
EMP_0464,39,Male,Quality,Morning,1287,5,43,4,6,4,37.81,Stable,Stable,No
EMP_0465,47,Male,Production,Morning,808,6,44,13,7,4,40.13,Falling,Rising,No
EMP_0466,38,Male,Quality,Morning,457,20,17,2,5,5,53.78,Rising,Stable,No
EMP_0467,21,Male,Production,Morning,1484,13,8,1,6,5,47.33,Rising,Stable,No
EMP_0468,45,Male,Logistics,Night,694,9,44,19,6,4,62.93,Stable,Stable,No
EMP_0469,39,Male,Logistics,Morning,1499,10,30,0,0,2,27.92,Stable,Falling,No
EMP_0470,51,Male,Production,Morning,1429,21,35,7,3,1,51.13,Rising,Stable,No
EMP_0471,48,Male,Quality,Morning,1497,0,30,5,2,5,14.67,Rising,Rising,No
EMP_0472,57,Male,Quality,Morning,649,14,5,17,0,1,24.26,Stable,Stable,No
EMP_0473,27,Female,Production,Evening,1121,12,32,15,5,5,47.06,Rising,Falling,No
EMP_0474,56,Male,Logistics,Evening,1152,12,22,2,4,5,35.09,Stable,Rising,No
EMP_0475,41,Male,Maintenance,Morning,842,13,28,8,1,3,34.27,Stable,Stable,No
EMP_0476,41,Male,Logistics,Evening,1405,14,13,15,2,3,35.04,Stable,Stable,No
EMP_0477,19,Male,Quality,Night,1368,11,43,3,3,1,64.91,Falling,Stable,No
EMP_0478,39,Male,Production,Morning,950,11,32,18,0,5,29.96,Rising,Falling,No
EMP_0479,50,Male,Quality,Evening,1331,3,4,12,2,4,13.19,Stable,Stable,No
EMP_0480,44,Male,Quality,Morning,729,8,25,0,7,2,39.86,Rising,Falling,No
EMP_0481,51,Female,Production,Night,1155,10,13,11,7,5,58.64,Stable,Falling,No
EMP_0482,27,Male,Production,Evening,1476,12,35,17,5,3,47.73,Stable,Rising,No
EMP_0483,35,Male,Logistics,Morning,817,9,5,14,3,2,29.26,Falling,Falling,No
EMP_0484,24,Male,Quality,Night,811,11,6,2,1,3,50.43,Stable,Stable,No
EMP_0485,25,Male,Quality,Morning,1442,15,28,10,2,2,43.97,Stable,Stable,No
EMP_0486,25,Male,Quality,Night,1004,3,9,14,6,1,50.55,Stable,Stable,No
EMP_0487,55,Male,Quality,Morning,1056,14,39,19,3,4,39.82,Rising,Stable,No
EMP_0488,23,Male,Maintenance,Morning,460,22,6,4,7,5,63.28,Falling,Stable,No
EMP_0489,51,Male,Production,Evening,1092,12,10,17,5,1,36.17,Stable,Stable,No
EMP_0490,28,Male,Production,Morning,923,9,36,18,1,5,32.9,Stable,Stable,No
EMP_0491,35,Female,Quality,Night,991,19,26,17,1,4,64.93,Stable,Stable,No
EMP_0492,46,Female,Quality,Night,1282,21,3,13,4,2,67.77,Stable,Stable,No
EMP_0493,40,Male,Quality,Night,1272,7,1,5,1,1,38.92,Rising,Rising,No
EMP_0494,39,Male,Quality,Evening,1147,20,21,13,5,2,54.42,Stable,Stable,No
EMP_0495,50,Male,Maintenance,Morning,716,6,31,17,5,3,31.49,Falling,Stable,No
EMP_0496,50,Female,Quality,Evening,1097,17,14,19,4,1,42.81,Rising,Stable,No
EMP_0497,54,Male,Maintenance,Night,586,0,43,0,6,4,46.06,Falling,Stable,No
EMP_0498,49,Male,Quality,Evening,545,11,27,12,1,2,28.85,Rising,Stable,Yes
EMP_0499,24,Male,Quality,Morning,1000,23,22,19,1,4,53.19,Stable,Stable,No
EMP_0500,39,Male,Maintenance,Night,1010,1,26,6,7,3,50.13,Stable,Stable,No
EMP_0501,53,Male,Production,Night,1142,13,12,0,2,2,50.22,Stable,Stable,No
EMP_0502,32,Male,Quality,Morning,1220,22,41,19,6,4,66.31,Falling,Rising,No
EMP_0503,41,Male,Quality,Morning,1477,12,41,12,3,3,40.56,Rising,Stable,No
EMP_0504,42,Male,Logistics,Morning,608,19,10,6,5,3,49.62,Stable,Stable,No
EMP_0505,48,Male,Production,Night,1318,12,26,16,6,2,62.98,Rising,Rising,No
EMP_0506,28,Male,Production,Evening,1340,12,38,12,7,4,53.14,Rising,Stable,No
EMP_0507,23,Male,Maintenance,Evening,1131,19,37,3,2,1,52.87,Stable,Falling,No
EMP_0508,48,Male,Maintenance,Morning,1172,21,12,4,4,1,49.27,Rising,Rising,No
EMP_0509,25,Male,Quality,Night,974,15,38,0,7,3,78.69,Falling,Stable,No
EMP_0510,24,Male,Maintenance,Night,948,2,34,15,1,5,42.26,Rising,Falling,No
EMP_0511,26,Male,Maintenance,Night,948,19,3,15,3,3,67.07,Stable,Falling,No
EMP_0512,44,Male,Maintenance,Evening,711,0,17,10,7,4,25.28,Rising,Falling,No
EMP_0513,36,Male,Maintenance,Evening,1405,7,1,0,6,5,32.42,Rising,Stable,No
EMP_0514,54,Male,Logistics,Night,545,2,29,17,6,2,46.14,Rising,Stable,Yes
EMP_0515,44,Male,Production,Night,1276,3,32,1,2,4,40.91,Stable,Stable,No
EMP_0516,54,Male,Quality,Night,1251,23,15,3,6,5,76.63,Falling,Stable,No
EMP_0517,22,Male,Quality,Evening,1268,19,33,18,7,2,64.73,Rising,Stable,No
EMP_0518,31,Male,Logistics,Evening,955,18,15,12,4,5,49.38,Rising,Rising,No
EMP_0519,42,Female,Quality,Night,613,21,37,18,7,4,83.82,Stable,Stable,No
EMP_0520,49,Male,Maintenance,Evening,603,0,28,18,5,3,21.47,Rising,Rising,No
EMP_0521,40,Male,Logistics,Night,590,1,10,9,4,2,38.82,Stable,Stable,No
EMP_0522,36,Male,Maintenance,Evening,1183,8,40,19,7,1,45.19,Falling,Rising,No
EMP_0523,52,Male,Quality,Night,1487,2,25,13,3,2,38.26,Stable,Stable,No
EMP_0524,41,Female,Production,Evening,1484,15,7,6,1,2,32.81,Rising,Rising,No
EMP_0525,57,Female,Quality,Evening,1406,5,3,9,6,2,24.42,Falling,Stable,No
EMP_0526,55,Male,Maintenance,Morning,723,11,4,3,6,5,34.74,Stable,Stable,No
EMP_0527,19,Female,Maintenance,Night,1368,23,27,8,3,3,80.55,Stable,Stable,No
EMP_0528,38,Male,Quality,Night,934,21,31,5,3,5,73.49,Rising,Stable,No
EMP_0529,43,Male,Production,Morning,1464,19,35,11,1,3,44.93,Stable,Stable,No
EMP_0530,24,Male,Maintenance,Evening,1480,22,6,18,2,4,50.53,Stable,Rising,No
EMP_0531,48,Female,Quality,Morning,515,11,3,15,3,4,28.77,Falling,Falling,No
EMP_0532,38,Male,Production,Morning,1396,5,21,5,7,4,35.67,Falling,Stable,No
EMP_0533,27,Male,Logistics,Night,1268,23,43,11,2,3,79.61,Rising,Rising,No
EMP_0534,36,Female,Quality,Morning,1368,1,15,2,0,1,10.93,Stable,Rising,No
EMP_0535,21,Female,Maintenance,Evening,548,8,40,15,2,2,36.44,Stable,Rising,No
EMP_0536,54,Male,Production,Night,650,16,18,1,2,2,56.1,Falling,Rising,No
EMP_0537,24,Female,Maintenance,Morning,1168,20,22,0,2,4,50.89,Falling,Stable,No
EMP_0538,56,Male,Maintenance,Evening,1495,5,8,17,2,4,15.78,Stable,Rising,No
EMP_0539,19,Male,Maintenance,Morning,1068,20,40,19,4,4,61.14,Falling,Stable,No
EMP_0540,37,Male,Production,Evening,563,4,39,13,6,3,35.82,Stable,Stable,No
EMP_0541,56,Female,Production,Morning,1030,20,9,0,0,1,35.0,Stable,Stable,No
EMP_0542,46,Male,Production,Night,1380,16,6,14,4,2,60.43,Falling,Rising,No
EMP_0543,27,Male,Logistics,Night,982,1,37,15,0,3,38.07,Falling,Stable,No
EMP_0544,28,Female,Production,Evening,1228,6,16,6,6,4,36.16,Stable,Rising,No
EMP_0545,42,Male,Logistics,Night,1449,3,29,12,3,2,43.24,Stable,Stable,No
EMP_0546,44,Female,Production,Evening,708,7,31,15,6,2,37.09,Rising,Stable,No
EMP_0547,26,Male,Logistics,Morning,1176,15,39,10,2,5,46.17,Falling,Falling,No
EMP_0548,23,Male,Logistics,Night,552,16,1,19,7,5,72.57,Stable,Falling,No
EMP_0549,31,Female,Production,Evening,792,13,36,6,5,4,48.55,Stable,Stable,No
EMP_0550,40,Male,Quality,Night,1335,0,6,17,4,1,36.33,Stable,Rising,No
EMP_0551,52,Male,Production,Morning,1139,17,15,8,0,3,32.53,Stable,Stable,No
EMP_0552,43,Male,Production,Evening,458,14,21,11,2,5,36.32,Rising,Stable,No
EMP_0553,41,Male,Production,Night,581,18,6,9,6,5,69.88,Rising,Stable,No
EMP_0554,39,Female,Production,Morning,1226,14,2,1,6,5,43.09,Rising,Rising,No
EMP_0555,21,Male,Maintenance,Night,1162,1,23,6,3,1,43.96,Rising,Stable,No
EMP_0556,26,Female,Production,Morning,552,8,40,14,6,5,45.19,Falling,Stable,No
EMP_0557,57,Male,Quality,Night,860,19,30,2,6,3,72.82,Stable,Stable,No
EMP_0558,57,Male,Maintenance,Night,504,10,26,5,6,2,57.53,Stable,Stable,No
EMP_0559,40,Male,Quality,Evening,1172,24,43,15,6,4,67.96,Rising,Stable,No
EMP_0560,29,Female,Maintenance,Morning,572,16,24,18,3,4,46.18,Stable,Stable,No
EMP_0561,41,Male,Maintenance,Evening,1184,19,37,12,6,4,58.37,Stable,Rising,No
EMP_0562,34,Male,Quality,Night,1455,6,24,11,4,4,51.43,Stable,Stable,No
EMP_0563,46,Male,Maintenance,Morning,1097,12,29,13,3,4,36.64,Falling,Stable,No
EMP_0564,53,Male,Production,Night,1415,0,19,5,3,2,33.47,Rising,Stable,No
EMP_0565,47,Male,Logistics,Evening,1395,20,1,18,4,4,45.47,Rising,Falling,No
EMP_0566,56,Female,Quality,Morning,860,23,5,17,2,4,43.91,Rising,Stable,No
EMP_0567,24,Female,Quality,Evening,1133,7,28,19,6,1,41.42,Stable,Stable,No
EMP_0568,32,Male,Production,Night,788,5,39,5,1,1,46.17,Stable,Stable,No
EMP_0569,47,Female,Production,Evening,856,18,20,1,7,3,53.99,Falling,Stable,No
EMP_0570,46,Female,Quality,Night,1335,22,41,18,7,4,85.31,Stable,Stable,No
EMP_0571,28,Male,Maintenance,Morning,570,13,13,18,7,4,49.19,Stable,Rising,No
EMP_0572,22,Male,Maintenance,Morning,864,3,26,3,7,5,37.58,Rising,Stable,No
EMP_0573,42,Male,Logistics,Morning,819,20,15,12,7,4,57.33,Rising,Stable,No
EMP_0574,20,Male,Logistics,Evening,853,6,18,0,2,3,28.6,Rising,Stable,No
EMP_0575,47,Male,Maintenance,Evening,1447,5,21,1,6,3,30.92,Stable,Falling,No
EMP_0576,43,Male,Production,Evening,848,13,36,4,6,1,48.05,Stable,Stable,No
EMP_0577,49,Male,Logistics,Morning,1369,7,40,6,5,1,35.34,Stable,Falling,No
EMP_0578,33,Female,Production,Night,1155,21,27,3,6,3,81.35,Stable,Falling,No
EMP_0579,56,Male,Production,Morning,657,3,26,15,3,2,19.08,Stable,Rising,No
EMP_0580,51,Male,Production,Night,1069,3,23,18,3,4,39.66,Falling,Falling,No
EMP_0581,26,Male,Production,Evening,713,4,31,7,1,3,24.29,Stable,Falling,No
EMP_0582,34,Male,Production,Morning,450,8,2,1,0,3,19.74,Stable,Stable,No
EMP_0583,56,Male,Quality,Morning,1435,20,19,4,6,1,52.22,Stable,Rising,No
EMP_0584,52,Male,Production,Morning,1072,13,31,12,5,5,42.19,Rising,Stable,No
EMP_0585,24,Male,Maintenance,Morning,1008,2,18,18,2,3,21.2,Falling,Stable,No
EMP_0586,57,Male,Logistics,Morning,704,18,30,4,2,1,41.22,Stable,Falling,No
EMP_0587,41,Female,Logistics,Morning,1326,12,16,10,0,3,27.51,Stable,Stable,No
EMP_0588,39,Male,Quality,Evening,643,24,40,17,6,4,67.54,Falling,Stable,No
EMP_0589,53,Male,Quality,Evening,544,2,14,17,4,5,18.06,Rising,Stable,No
EMP_0590,47,Male,Maintenance,Evening,1171,13,20,11,0,3,28.49,Falling,Stable,No
EMP_0591,53,Male,Logistics,Morning,978,5,6,11,7,5,28.58,Stable,Rising,No
EMP_0592,20,Male,Maintenance,Evening,1244,1,1,2,2,1,16.82,Stable,Stable,No
EMP_0593,51,Female,Maintenance,Night,991,18,26,15,5,4,69.33,Falling,Rising,No
EMP_0594,44,Male,Production,Evening,973,22,6,13,3,1,48.03,Rising,Stable,No
EMP_0595,50,Female,Production,Night,1403,11,18,5,7,5,61.6,Stable,Stable,No
EMP_0596,36,Male,Maintenance,Night,1095,6,6,2,2,2,41.93,Stable,Stable,No
EMP_0597,52,Female,Maintenance,Evening,1175,15,38,5,2,1,39.44,Rising,Stable,No
EMP_0598,48,Female,Quality,Evening,510,18,38,5,7,4,57.74,Stable,Stable,No
EMP_0599,41,Male,Maintenance,Night,1495,9,34,0,6,4,61.71,Falling,Stable,No
EMP_0600,38,Male,Maintenance,Night,1074,4,2,1,7,4,49.84,Falling,Rising,No
EMP_0601,41,Female,Production,Night,893,16,30,12,5,1,69.52,Stable,Stable,No
EMP_0602,26,Male,Quality,Night,1462,11,10,8,1,5,50.82,Stable,Stable,No
EMP_0603,32,Female,Maintenance,Morning,1410,9,10,9,3,4,31.12,Stable,Rising,No
EMP_0604,41,Male,Logistics,Morning,661,23,4,12,6,2,57.44,Stable,Stable,No
EMP_0605,32,Male,Maintenance,Morning,1395,13,29,7,7,2,51.74,Rising,Falling,No
EMP_0606,20,Male,Logistics,Night,562,21,9,5,7,5,83.1,Stable,Stable,No
EMP_0607,22,Male,Maintenance,Night,1097,12,41,9,2,1,62.81,Stable,Stable,No
EMP_0608,42,Male,Quality,Morning,1459,3,8,10,0,5,11.08,Stable,Rising,No
EMP_0609,54,Female,Logistics,Evening,1021,8,5,10,2,3,20.41,Falling,Rising,No
EMP_0610,27,Male,Logistics,Evening,822,8,33,7,3,5,35.88,Stable,Rising,No
EMP_0611,34,Female,Production,Evening,1122,12,21,0,1,4,32.87,Falling,Falling,No
EMP_0612,50,Male,Maintenance,Morning,1064,24,5,13,1,3,44.51,Stable,Stable,No
EMP_0613,50,Male,Quality,Night,921,12,30,13,0,4,48.37,Stable,Stable,No
EMP_0614,45,Male,Maintenance,Evening,1193,13,20,19,5,3,41.49,Stable,Falling,No
EMP_0615,33,Male,Quality,Night,958,16,17,11,2,2,61.13,Stable,Stable,No
EMP_0616,22,Female,Production,Evening,1069,9,5,4,2,4,30.01,Stable,Stable,No
EMP_0617,54,Male,Logistics,Morning,495,18,43,14,2,4,44.86,Stable,Stable,No
EMP_0618,43,Female,Maintenance,Night,508,18,9,9,1,1,57.55,Rising,Rising,Yes
EMP_0619,33,Male,Quality,Evening,1138,2,31,5,7,4,34.34,Falling,Rising,No
EMP_0620,30,Male,Logistics,Evening,1024,19,8,12,0,3,39.68,Falling,Rising,No
EMP_0621,25,Male,Logistics,Night,1079,19,3,5,3,5,67.32,Stable,Rising,No
EMP_0622,54,Male,Quality,Night,1136,3,43,1,1,4,38.36,Stable,Stable,No
EMP_0623,42,Female,Logistics,Night,1485,0,15,14,6,4,42.83,Rising,Stable,No
EMP_0624,24,Female,Quality,Night,1108,19,18,6,1,1,65.9,Stable,Stable,No
EMP_0625,49,Male,Production,Evening,1249,9,44,18,7,3,44.43,Stable,Falling,No
EMP_0626,39,Male,Quality,Morning,478,0,14,2,7,4,25.86,Stable,Stable,No
EMP_0627,29,Male,Quality,Night,798,10,8,12,6,2,60.53,Falling,Stable,No
EMP_0628,34,Male,Maintenance,Morning,511,11,18,16,1,1,30.6,Rising,Falling,Yes
EMP_0629,32,Male,Production,Morning,919,21,23,1,5,1,58.21,Falling,Stable,No
EMP_0630,43,Male,Maintenance,Evening,1287,14,21,1,6,3,46.32,Stable,Rising,No
EMP_0631,32,Male,Logistics,Evening,1446,13,32,12,0,2,34.91,Stable,Rising,No
EMP_0632,56,Male,Maintenance,Night,522,13,3,7,3,5,49.97,Stable,Stable,No
EMP_0633,36,Male,Production,Morning,498,1,22,15,3,2,19.99,Stable,Falling,No
EMP_0634,32,Male,Quality,Night,1135,9,21,11,1,3,48.57,Rising,Falling,No
EMP_0635,42,Female,Production,Evening,687,7,40,2,5,5,37.09,Rising,Falling,No
EMP_0636,26,Female,Maintenance,Morning,1390,14,35,18,7,5,56.18,Rising,Rising,No
EMP_0637,43,Female,Quality,Morning,1433,23,37,8,5,3,61.77,Rising,Stable,No
EMP_0638,52,Male,Production,Evening,1084,12,26,6,4,5,36.98,Falling,Stable,No
EMP_0639,46,Female,Quality,Evening,606,18,35,15,4,4,50.08,Stable,Stable,No
EMP_0640,42,Female,Quality,Evening,867,10,8,7,5,5,34.78,Stable,Stable,No
EMP_0641,36,Male,Maintenance,Evening,1415,20,10,12,7,1,57.72,Stable,Stable,No
EMP_0642,52,Male,Production,Evening,1004,0,30,12,0,4,8.67,Falling,Rising,No
EMP_0643,21,Female,Logistics,Evening,565,4,40,10,3,2,32.54,Stable,Stable,No
EMP_0644,30,Male,Logistics,Morning,914,2,14,1,4,1,23.81,Stable,Stable,No
EMP_0645,54,Male,Quality,Morning,1121,18,26,13,5,4,48.58,Stable,Stable,No
EMP_0646,23,Male,Quality,Morning,623,15,21,7,7,5,55.42,Stable,Stable,No
EMP_0647,37,Male,Production,Night,609,9,10,5,4,1,52.37,Stable,Stable,No
EMP_0648,30,Male,Logistics,Night,1489,2,41,11,2,1,44.81,Falling,Stable,No
EMP_0649,45,Male,Quality,Morning,721,20,5,5,0,5,36.86,Stable,Rising,No
EMP_0650,35,Female,Logistics,Evening,849,16,19,12,4,1,46.07,Stable,Stable,No
EMP_0651,46,Male,Quality,Morning,615,9,23,0,4,2,33.01,Stable,Falling,No
EMP_0652,40,Female,Maintenance,Night,1082,9,26,12,2,2,50.18,Stable,Rising,No
EMP_0653,28,Male,Quality,Night,1378,2,22,6,3,5,43.59,Stable,Stable,No
EMP_0654,24,Male,Logistics,Night,1394,22,9,0,4,1,76.2,Stable,Rising,Yes
EMP_0655,35,Male,Production,Night,760,3,9,11,0,3,33.05,Rising,Rising,No
EMP_0656,30,Male,Maintenance,Evening,885,2,44,1,4,3,30.48,Falling,Falling,No
EMP_0657,24,Male,Quality,Morning,844,24,42,8,3,3,64.23,Rising,Stable,No
EMP_0658,40,Male,Production,Evening,1335,1,32,2,3,5,21.21,Stable,Stable,No
EMP_0659,34,Female,Quality,Night,935,11,7,11,4,3,55.66,Stable,Stable,No
EMP_0660,22,Male,Maintenance,Night,478,14,35,18,6,5,74.68,Falling,Stable,No
EMP_0661,43,Male,Quality,Morning,1464,16,30,6,3,4,44.02,Stable,Stable,No
EMP_0662,51,Female,Quality,Evening,1410,22,25,12,4,3,53.01,Falling,Falling,No
EMP_0663,19,Male,Maintenance,Morning,1086,0,10,15,7,4,29.97,Rising,Stable,No
EMP_0664,33,Male,Production,Night,966,18,14,12,6,5,73.66,Rising,Stable,No
EMP_0665,35,Male,Logistics,Morning,1082,14,33,1,2,5,40.98,Stable,Rising,No
EMP_0666,37,Male,Maintenance,Night,690,9,14,2,7,3,60.76,Rising,Stable,No
EMP_0667,37,Female,Production,Morning,963,16,7,0,2,5,37.91,Stable,Stable,No
EMP_0668,38,Male,Maintenance,Morning,1260,17,28,1,5,4,51.42,Rising,Stable,No
EMP_0669,19,Male,Quality,Morning,882,14,35,16,6,1,55.43,Falling,Stable,No
EMP_0670,41,Male,Quality,Night,472,15,9,7,1,1,53.25,Rising,Stable,Yes
EMP_0671,34,Female,Logistics,Morning,984,2,12,17,4,3,22.37,Rising,Stable,No
EMP_0672,42,Female,Quality,Morning,1211,12,1,1,1,1,26.42,Rising,Stable,No
EMP_0673,38,Male,Maintenance,Evening,624,21,21,15,5,5,56.27,Stable,Falling,No
EMP_0674,33,Male,Quality,Night,1437,11,32,15,4,2,61.46,Stable,Falling,No
EMP_0675,42,Male,Logistics,Evening,551,20,42,10,4,5,55.83,Stable,Stable,No
EMP_0676,55,Female,Maintenance,Morning,591,5,25,0,3,2,22.31,Stable,Stable,No
EMP_0677,51,Male,Logistics,Night,986,6,25,13,7,2,54.91,Rising,Stable,No
EMP_0678,50,Male,Maintenance,Morning,1010,8,12,9,3,4,25.47,Rising,Stable,No
EMP_0679,49,Female,Maintenance,Morning,1059,3,23,0,5,3,25.16,Falling,Rising,No
EMP_0680,33,Male,Maintenance,Night,1268,15,29,17,2,4,62.19,Stable,Stable,No
EMP_0681,19,Male,Production,Morning,1151,16,16,7,3,5,46.91,Falling,Stable,No
EMP_0682,30,Male,Quality,Morning,1480,2,16,0,5,2,26.76,Rising,Stable,No
EMP_0683,53,Female,Logistics,Night,1378,7,14,15,6,4,51.06,Rising,Stable,No
EMP_0684,55,Male,Production,Evening,1309,12,44,3,7,1,47.73,Rising,Rising,No
EMP_0685,48,Male,Logistics,Evening,853,23,23,11,3,5,52.41,Stable,Stable,No
EMP_0686,44,Male,Maintenance,Night,742,4,25,7,5,5,48.46,Rising,Stable,No
EMP_0687,29,Male,Maintenance,Morning,1475,1,18,19,0,3,13.35,Rising,Stable,No
EMP_0688,50,Female,Logistics,Evening,1312,7,41,11,1,5,25.31,Stable,Rising,No
EMP_0689,20,Male,Quality,Night,793,14,25,7,2,5,62.96,Falling,Falling,No
EMP_0690,28,Female,Quality,Night,631,7,22,10,2,3,49.09,Stable,Rising,No
EMP_0691,40,Female,Production,Evening,1477,3,9,15,6,2,26.8,Stable,Stable,No
EMP_0692,27,Male,Maintenance,Night,1414,7,9,7,7,1,58.95,Rising,Stable,No
EMP_0693,48,Female,Quality,Morning,594,23,37,11,6,5,63.02,Falling,Stable,No
EMP_0694,43,Female,Quality,Evening,1167,13,4,10,5,3,38.44,Falling,Rising,No
EMP_0695,39,Female,Logistics,Night,914,15,25,0,0,5,54.81,Rising,Stable,No
EMP_0696,36,Male,Production,Night,1108,0,29,0,0,5,32.44,Stable,Stable,No
EMP_0697,38,Male,Logistics,Night,1408,11,16,8,4,5,56.66,Rising,Falling,No
EMP_0698,34,Male,Maintenance,Evening,1092,0,22,5,1,3,13.89,Stable,Falling,No
EMP_0699,57,Male,Quality,Night,1293,2,35,6,1,2,34.23,Rising,Falling,No
EMP_0700,53,Male,Logistics,Morning,1195,13,12,9,0,5,25.22,Stable,Falling,No
EMP_0701,47,Male,Logistics,Evening,751,2,13,13,4,1,19.34,Stable,Stable,No
EMP_0702,48,Male,Production,Evening,1271,6,25,3,1,4,20.66,Stable,Rising,No
EMP_0703,21,Male,Production,Morning,557,22,8,18,4,4,56.73,Falling,Stable,No
EMP_0704,50,Male,Quality,Morning,491,18,18,18,2,1,40.3,Stable,Rising,No
EMP_0705,32,Male,Logistics,Evening,1480,4,10,16,1,1,18.12,Falling,Rising,No
EMP_0706,44,Male,Production,Morning,1026,8,23,2,7,5,39.41,Rising,Stable,No
EMP_0707,23,Male,Maintenance,Night,804,16,16,3,5,5,70.91,Rising,Stable,No
EMP_0708,46,Male,Maintenance,Evening,719,16,2,4,7,4,47.04,Falling,Stable,No
EMP_0709,26,Male,Quality,Morning,574,5,40,18,2,1,30.39,Stable,Stable,No
EMP_0710,51,Male,Production,Evening,1197,20,10,11,2,1,41.47,Rising,Stable,No
EMP_0711,54,Male,Maintenance,Evening,1105,17,22,18,5,3,46.09,Falling,Stable,No
EMP_0712,31,Male,Production,Morning,559,7,11,0,3,1,28.39,Stable,Stable,No
EMP_0713,38,Female,Production,Evening,727,13,37,3,3,2,42.02,Stable,Stable,No
EMP_0714,36,Male,Quality,Morning,1353,1,19,10,7,3,29.32,Falling,Stable,No
EMP_0715,38,Female,Production,Night,1097,23,4,7,7,1,80.69,Stable,Rising,Yes
EMP_0716,51,Male,Maintenance,Evening,1150,0,25,3,4,3,17.81,Stable,Stable,No
EMP_0717,39,Female,Production,Morning,1064,19,21,12,2,2,45.32,Stable,Stable,No
EMP_0718,42,Male,Maintenance,Evening,1129,20,32,5,4,2,53.61,Falling,Stable,No
EMP_0719,46,Female,Production,Night,579,17,13,6,7,2,71.09,Stable,Stable,No
EMP_0720,23,Male,Maintenance,Evening,1300,16,11,10,1,5,39.79,Rising,Stable,No
EMP_0721,48,Female,Logistics,Evening,870,24,22,7,2,1,51.29,Stable,Stable,No
EMP_0722,42,Female,Production,Morning,1105,24,26,5,2,4,53.68,Rising,Falling,No
EMP_0723,57,Male,Logistics,Night,773,5,32,15,5,1,48.36,Rising,Stable,No
EMP_0724,32,Female,Maintenance,Night,826,0,18,6,1,2,33.5,Stable,Stable,No
EMP_0725,54,Male,Maintenance,Evening,1206,2,29,5,2,5,16.14,Rising,Stable,No
EMP_0726,54,Male,Logistics,Morning,605,14,17,16,6,1,42.68,Falling,Stable,No
EMP_0727,44,Female,Maintenance,Morning,474,16,11,17,6,3,47.04,Stable,Stable,No
EMP_0728,31,Female,Maintenance,Evening,775,23,36,2,0,4,52.05,Stable,Stable,No
EMP_0729,39,Male,Logistics,Morning,601,24,33,12,0,1,50.98,Rising,Falling,No
EMP_0730,44,Male,Quality,Evening,518,19,31,12,7,1,58.79,Rising,Stable,Yes
EMP_0731,52,Male,Quality,Night,1406,16,18,2,7,1,69.1,Rising,Falling,No
EMP_0732,32,Male,Logistics,Evening,1201,5,14,5,3,4,25.61,Rising,Stable,No
EMP_0733,39,Male,Quality,Evening,1264,4,30,14,7,2,35.82,Stable,Stable,No
EMP_0734,37,Female,Maintenance,Morning,603,0,12,11,7,3,25.92,Falling,Stable,No
EMP_0735,30,Male,Maintenance,Evening,886,5,12,9,5,4,30.67,Stable,Falling,No
EMP_0736,54,Male,Logistics,Night,479,18,44,0,0,2,60.08,Falling,Stable,No
EMP_0737,48,Male,Production,Morning,1330,9,14,13,6,4,35.51,Stable,Stable,No
EMP_0738,51,Male,Production,Night,612,23,29,0,6,1,80.49,Stable,Stable,Yes
EMP_0739,41,Female,Maintenance,Night,1250,7,5,12,5,3,49.56,Rising,Stable,No
EMP_0740,31,Female,Maintenance,Night,1213,10,2,2,5,4,56.19,Rising,Stable,No
EMP_0741,46,Male,Logistics,Morning,515,22,8,12,6,2,55.48,Stable,Stable,No
EMP_0742,46,Female,Quality,Night,1044,19,18,13,4,5,67.9,Stable,Stable,No
EMP_0743,37,Male,Maintenance,Night,1316,21,21,18,4,2,74.02,Stable,Stable,No
EMP_0744,55,Male,Production,Evening,1360,23,13,16,5,3,53.44,Stable,Stable,No
EMP_0745,49,Male,Logistics,Evening,625,0,1,16,6,3,17.97,Stable,Stable,No
EMP_0746,57,Female,Logistics,Evening,737,8,2,1,2,5,18.99,Stable,Rising,No
EMP_0747,35,Male,Logistics,Morning,794,4,1,15,7,1,30.37,Falling,Stable,No
EMP_0748,46,Male,Maintenance,Evening,1380,19,40,18,6,1,57.79,Rising,Rising,No
EMP_0749,22,Male,Maintenance,Morning,1297,15,29,2,1,3,42.44,Stable,Stable,No
EMP_0750,24,Male,Logistics,Night,1100,15,13,8,0,5,55.89,Stable,Falling,No
EMP_0751,37,Male,Maintenance,Morning,1200,17,33,15,1,3,42.78,Rising,Stable,No
EMP_0752,41,Female,Maintenance,Morning,1013,15,4,8,3,2,37.14,Stable,Stable,No
EMP_0753,24,Female,Quality,Evening,1207,23,28,9,0,3,52.02,Rising,Rising,No
EMP_0754,42,Female,Production,Evening,589,12,23,8,0,3,28.81,Stable,Falling,No
EMP_0755,40,Female,Quality,Night,859,10,33,2,1,1,50.83,Stable,Stable,No
EMP_0756,39,Male,Logistics,Night,1010,24,3,2,0,5,64.32,Stable,Stable,No
EMP_0757,32,Male,Quality,Evening,889,2,43,5,4,5,29.76,Stable,Falling,No
EMP_0758,42,Female,Maintenance,Morning,913,10,21,4,5,1,37.67,Stable,Stable,No
EMP_0759,43,Male,Quality,Morning,1095,0,26,19,3,2,17.53,Rising,Stable,No
EMP_0760,35,Female,Production,Morning,1445,15,12,9,1,2,35.42,Stable,Stable,No
EMP_0761,53,Male,Production,Evening,1446,4,2,15,7,2,26.09,Stable,Stable,No
EMP_0762,35,Male,Maintenance,Morning,577,3,34,4,6,3,33.61,Stable,Rising,No
EMP_0763,46,Male,Production,Morning,1106,9,3,8,6,5,33.57,Stable,Rising,No
EMP_0764,20,Female,Logistics,Evening,715,22,31,9,5,3,64.59,Stable,Rising,No
EMP_0765,52,Male,Production,Evening,1447,11,13,1,3,2,29.99,Stable,Stable,No
EMP_0766,19,Male,Quality,Night,845,2,1,1,7,4,51.17,Stable,Stable,No
EMP_0767,21,Male,Maintenance,Night,1285,6,44,16,2,5,54.13,Stable,Stable,No
EMP_0768,40,Male,Quality,Evening,1427,21,11,10,4,5,51.04,Rising,Rising,No
EMP_0769,22,Female,Maintenance,Night,1363,11,34,11,0,1,54.66,Stable,Stable,No
EMP_0770,33,Male,Maintenance,Evening,791,16,28,15,0,5,38.57,Falling,Stable,No
EMP_0771,54,Female,Maintenance,Evening,880,1,36,1,4,3,21.1,Stable,Stable,No
EMP_0772,57,Male,Logistics,Morning,559,4,28,9,3,1,20.87,Rising,Falling,Yes
EMP_0773,30,Male,Logistics,Night,738,10,15,7,5,1,59.33,Falling,Stable,No
EMP_0774,55,Male,Production,Morning,1231,5,16,17,3,2,20.31,Stable,Falling,No
EMP_0775,25,Male,Logistics,Night,985,17,9,17,5,2,70.45,Stable,Falling,No
EMP_0776,49,Male,Logistics,Morning,1403,1,29,6,2,1,15.79,Stable,Stable,No
EMP_0777,23,Female,Production,Night,1302,2,8,6,3,4,41.73,Stable,Stable,No
EMP_0778,45,Male,Maintenance,Evening,613,2,11,10,5,2,21.89,Falling,Stable,No
EMP_0779,43,Male,Logistics,Evening,801,24,13,5,4,4,55.54,Rising,Rising,No
EMP_0780,35,Male,Production,Evening,1273,17,23,4,6,1,53.56,Stable,Stable,No
EMP_0781,46,Male,Maintenance,Night,979,5,18,13,3,3,43.0,Stable,Stable,No
EMP_0782,45,Male,Production,Evening,785,13,23,17,7,5,47.16,Stable,Stable,No
EMP_0783,44,Male,Maintenance,Night,1041,0,43,15,3,5,41.06,Falling,Falling,No
EMP_0784,47,Male,Quality,Night,815,11,44,7,5,1,63.13,Stable,Stable,No
EMP_0785,45,Male,Maintenance,Morning,1006,9,35,17,4,1,35.93,Falling,Stable,No
EMP_0786,35,Male,Quality,Evening,884,18,31,10,1,3,44.44,Stable,Rising,No
EMP_0787,56,Female,Production,Night,1172,6,6,18,6,3,46.93,Stable,Stable,No
EMP_0788,34,Female,Maintenance,Evening,1035,10,32,18,6,1,44.61,Rising,Falling,No
EMP_0789,27,Male,Logistics,Evening,1085,21,9,4,7,3,61.35,Falling,Stable,No
EMP_0790,50,Female,Quality,Evening,1499,21,4,3,6,4,51.99,Stable,Rising,No
EMP_0791,19,Male,Production,Night,1290,23,41,15,7,5,93.66,Stable,Stable,No
EMP_0792,27,Female,Maintenance,Evening,596,21,8,8,2,5,48.63,Stable,Stable,No
EMP_0793,25,Male,Maintenance,Morning,676,13,29,1,4,2,45.99,Rising,Falling,No
EMP_0794,55,Female,Maintenance,Evening,1274,17,38,10,4,2,46.89,Rising,Stable,No
EMP_0795,24,Male,Quality,Evening,1068,1,43,17,0,1,20.16,Stable,Rising,No
EMP_0796,55,Male,Quality,Evening,1028,20,36,16,7,1,58.75,Stable,Falling,No
EMP_0797,57,Male,Quality,Evening,563,2,35,16,3,4,19.23,Stable,Rising,No
EMP_0798,22,Male,Production,Evening,485,4,19,0,4,5,30.12,Stable,Falling,No
EMP_0799,55,Male,Logistics,Morning,828,15,42,1,1,4,37.08,Stable,Stable,No
EMP_0800,28,Female,Quality,Evening,1040,4,38,15,1,1,25.34,Stable,Stable,No
EMP_0801,28,Female,Maintenance,Morning,1071,4,23,19,4,3,29.51,Stable,Rising,No
EMP_0802,53,Male,Quality,Morning,612,0,39,7,6,5,25.42,Stable,Rising,No
EMP_0803,26,Male,Quality,Morning,768,11,16,4,0,2,29.66,Rising,Rising,No
EMP_0804,41,Male,Production,Night,939,20,21,0,0,1,61.42,Stable,Stable,No
EMP_0805,25,Male,Maintenance,Evening,510,3,35,9,7,2,38.83,Stable,Stable,No
EMP_0806,20,Male,Quality,Night,1185,10,39,0,2,3,59.67,Falling,Stable,No
EMP_0807,56,Male,Production,Night,712,11,39,17,6,1,62.27,Stable,Falling,No
EMP_0808,38,Male,Logistics,Morning,833,0,2,16,7,2,23.44,Stable,Falling,No
EMP_0809,49,Male,Logistics,Evening,734,22,30,9,4,4,54.62,Stable,Stable,No
EMP_0810,48,Male,Logistics,Morning,1180,11,41,9,7,4,47.21,Stable,Stable,No
EMP_0811,43,Male,Maintenance,Morning,1491,14,13,7,4,5,39.54,Stable,Rising,No
EMP_0812,28,Female,Quality,Night,832,1,22,11,1,1,36.99,Stable,Stable,No
EMP_0813,35,Male,Production,Night,830,16,12,19,6,4,69.52,Stable,Falling,No
EMP_0814,27,Female,Logistics,Night,1224,7,22,12,2,5,49.34,Stable,Stable,No
EMP_0815,50,Male,Maintenance,Night,652,2,5,15,7,2,44.31,Stable,Falling,No
EMP_0816,42,Male,Quality,Morning,1024,10,35,13,7,1,45.78,Stable,Stable,No
EMP_0817,34,Female,Logistics,Morning,529,13,41,12,7,2,53.91,Falling,Stable,No
EMP_0818,30,Male,Quality,Morning,1015,11,26,12,6,5,45.88,Falling,Stable,No
EMP_0819,53,Male,Maintenance,Evening,828,8,1,19,3,5,22.27,Rising,Stable,No
EMP_0820,35,Male,Quality,Morning,1221,15,33,10,6,2,52.58,Rising,Stable,No
EMP_0821,47,Male,Quality,Morning,918,13,33,11,6,5,46.38,Rising,Falling,No
EMP_0822,54,Male,Maintenance,Morning,1179,2,9,15,6,2,21.7,Stable,Rising,No
EMP_0823,53,Male,Logistics,Morning,1458,12,20,2,5,1,37.89,Falling,Falling,No
EMP_0824,22,Male,Production,Night,691,8,41,0,6,1,66.41,Rising,Rising,No
EMP_0825,25,Male,Quality,Night,933,20,33,3,4,2,78.08,Stable,Rising,Yes
EMP_0826,37,Female,Maintenance,Night,1482,8,39,19,6,1,62.22,Falling,Stable,No
EMP_0827,46,Female,Quality,Night,1243,23,26,7,2,1,71.08,Stable,Stable,No
EMP_0828,40,Female,Logistics,Morning,1163,2,35,9,0,1,15.98,Rising,Falling,No
EMP_0829,39,Female,Production,Night,985,19,28,15,2,2,66.87,Stable,Stable,No
EMP_0830,23,Female,Logistics,Morning,705,10,13,10,5,2,40.64,Falling,Stable,No
EMP_0831,50,Female,Quality,Morning,904,16,3,4,4,3,38.77,Stable,Rising,No
EMP_0832,19,Female,Quality,Night,1185,7,11,18,1,5,46.39,Falling,Stable,No
EMP_0833,38,Male,Logistics,Morning,627,8,5,19,1,3,21.91,Stable,Stable,No
EMP_0834,46,Male,Logistics,Night,1044,20,18,7,0,1,59.5,Rising,Stable,No
EMP_0835,55,Male,Maintenance,Morning,465,13,13,13,1,1,27.44,Rising,Stable,Yes
EMP_0836,30,Female,Logistics,Night,634,13,34,17,1,3,58.36,Stable,Rising,No
EMP_0837,36,Female,Production,Evening,986,19,23,3,6,3,56.51,Rising,Stable,No
EMP_0838,23,Male,Quality,Morning,821,3,34,13,2,5,26.61,Stable,Stable,No
EMP_0839,49,Male,Logistics,Morning,880,3,21,5,1,4,14.72,Stable,Stable,No
EMP_0840,20,Female,Production,Night,962,11,17,18,3,4,58.88,Stable,Stable,No
EMP_0841,27,Male,Quality,Night,1394,8,9,12,2,5,48.05,Stable,Stable,No
EMP_0842,20,Male,Maintenance,Evening,1311,21,2,0,4,4,54.04,Rising,Stable,No
EMP_0843,36,Male,Maintenance,Night,967,6,41,13,7,5,62.21,Falling,Rising,No
EMP_0844,53,Male,Logistics,Morning,1311,7,11,19,0,3,15.39,Stable,Stable,No
EMP_0845,43,Male,Logistics,Evening,765,2,13,19,0,4,10.34,Stable,Falling,No
EMP_0846,34,Male,Quality,Evening,1365,11,20,14,4,3,38.54,Stable,Stable,No
EMP_0847,38,Female,Quality,Evening,511,10,3,9,7,4,39.67,Stable,Falling,No
EMP_0848,22,Male,Logistics,Evening,565,17,6,14,6,4,53.03,Rising,Falling,No
EMP_0849,50,Male,Quality,Night,558,15,5,1,4,2,57.61,Stable,Stable,No
EMP_0850,38,Male,Production,Morning,953,21,44,5,0,4,48.88,Rising,Stable,No
EMP_0851,57,Male,Maintenance,Morning,521,9,33,4,4,4,32.48,Rising,Rising,No
EMP_0852,33,Female,Logistics,Evening,1464,16,16,11,4,5,45.91,Rising,Rising,No
EMP_0853,36,Male,Maintenance,Morning,1302,6,42,2,3,3,32.43,Rising,Stable,No
EMP_0854,25,Male,Maintenance,Morning,1397,2,30,8,1,2,21.12,Falling,Stable,No
EMP_0855,21,Male,Quality,Night,976,7,36,13,2,3,53.95,Stable,Stable,No
EMP_0856,26,Female,Logistics,Night,779,19,15,16,7,3,79.73,Rising,Falling,No
EMP_0857,47,Male,Production,Evening,615,9,7,16,6,1,34.21,Stable,Falling,No
EMP_0858,26,Male,Logistics,Evening,786,14,29,18,6,3,52.34,Stable,Rising,No
EMP_0859,19,Male,Production,Evening,940,21,16,3,4,5,57.41,Stable,Falling,No
EMP_0860,39,Male,Production,Evening,845,16,40,8,7,2,57.24,Stable,Stable,No
EMP_0861,57,Male,Production,Evening,1412,7,12,7,4,1,24.62,Falling,Stable,No
EMP_0862,20,Male,Maintenance,Night,1381,7,10,15,3,1,50.92,Stable,Stable,No
EMP_0863,52,Male,Maintenance,Morning,1384,14,27,6,2,3,35.4,Stable,Rising,No
EMP_0864,39,Male,Production,Evening,1036,2,24,10,5,2,26.28,Rising,Stable,No
EMP_0865,51,Male,Production,Night,479,16,34,6,4,3,65.41,Falling,Stable,No
EMP_0866,57,Male,Logistics,Evening,859,13,41,12,6,2,45.66,Rising,Stable,No
EMP_0867,25,Female,Maintenance,Evening,1205,15,2,12,3,5,40.69,Falling,Stable,No
EMP_0868,33,Male,Logistics,Evening,1080,24,16,3,4,5,58.71,Stable,Stable,No
EMP_0869,27,Male,Quality,Evening,1130,19,41,5,3,1,55.26,Stable,Stable,No
EMP_0870,48,Male,Production,Night,958,9,14,5,1,2,43.01,Falling,Rising,No
EMP_0871,35,Male,Quality,Morning,1013,18,36,17,4,5,53.05,Stable,Stable,No
EMP_0872,56,Female,Production,Evening,1359,8,25,3,7,3,36.86,Stable,Rising,No
EMP_0873,57,Male,Production,Night,1059,0,36,10,5,2,41.25,Rising,Stable,No
EMP_0874,39,Female,Quality,Night,560,14,5,15,7,5,66.26,Rising,Stable,No
EMP_0875,21,Male,Logistics,Morning,871,15,40,12,0,4,42.64,Falling,Falling,No
EMP_0876,55,Female,Quality,Night,610,23,12,0,5,2,73.22,Rising,Falling,No
EMP_0877,35,Male,Quality,Evening,1227,11,25,3,7,5,46.91,Stable,Stable,No
EMP_0878,35,Female,Production,Morning,796,7,44,11,7,5,44.73,Stable,Falling,No
EMP_0879,29,Male,Logistics,Morning,1086,9,15,8,7,1,42.98,Stable,Rising,No
EMP_0880,28,Male,Logistics,Night,1490,5,36,19,1,5,46.5,Rising,Stable,No
EMP_0881,19,Female,Production,Evening,803,24,10,12,0,5,50.87,Rising,Rising,No
EMP_0882,28,Male,Maintenance,Morning,1319,8,22,4,3,3,33.19,Rising,Stable,No
EMP_0883,43,Male,Quality,Evening,1280,4,40,13,2,5,24.54,Stable,Rising,No
EMP_0884,34,Male,Quality,Night,1239,18,14,6,7,3,75.91,Rising,Stable,No
EMP_0885,56,Male,Quality,Morning,919,15,29,10,7,3,48.94,Stable,Stable,No
EMP_0886,50,Male,Quality,Evening,656,8,40,17,1,4,26.69,Rising,Falling,No
EMP_0887,43,Female,Logistics,Morning,1004,1,9,17,1,3,10.35,Rising,Stable,No
EMP_0888,31,Male,Logistics,Morning,511,7,8,11,2,4,25.23,Falling,Stable,No
EMP_0889,34,Male,Logistics,Morning,1051,2,19,6,1,3,16.42,Falling,Falling,No
EMP_0890,38,Male,Logistics,Night,685,12,19,19,4,2,58.92,Stable,Stable,No
EMP_0891,46,Female,Maintenance,Morning,1065,20,28,8,4,5,51.72,Stable,Falling,No
EMP_0892,26,Female,Logistics,Night,789,18,1,0,4,3,67.52,Stable,Rising,No
EMP_0893,49,Male,Logistics,Morning,1325,23,27,16,2,5,50.55,Rising,Falling,No
EMP_0894,46,Female,Quality,Night,1493,9,1,0,0,4,38.12,Rising,Stable,No
EMP_0895,47,Male,Production,Morning,561,15,21,11,1,1,34.42,Stable,Rising,No
EMP_0896,52,Male,Maintenance,Morning,980,7,15,16,6,4,31.53,Stable,Stable,No
EMP_0897,55,Female,Quality,Night,887,0,6,19,4,3,32.58,Stable,Stable,No
EMP_0898,38,Male,Maintenance,Evening,675,14,25,2,4,2,43.46,Stable,Falling,No
EMP_0899,23,Female,Quality,Night,580,6,43,5,7,4,65.91,Rising,Stable,No
EMP_0900,45,Female,Logistics,Morning,1009,23,24,4,0,5,45.88,Rising,Stable,No
EMP_0901,55,Male,Logistics,Morning,833,14,8,9,2,4,30.43,Stable,Falling,No
EMP_0902,55,Female,Production,Evening,787,8,9,1,6,2,31.05,Stable,Stable,No
EMP_0903,49,Male,Maintenance,Morning,588,17,40,5,3,4,46.34,Stable,Rising,No
EMP_0904,51,Male,Logistics,Evening,1076,0,29,5,2,4,13.69,Rising,Rising,No
EMP_0905,50,Female,Quality,Night,1076,2,37,14,7,3,51.42,Stable,Stable,No
EMP_0906,35,Female,Production,Morning,1425,17,22,15,3,4,45.84,Falling,Stable,No
EMP_0907,41,Male,Logistics,Evening,886,7,27,18,5,3,34.45,Falling,Stable,No
EMP_0908,55,Female,Maintenance,Night,1150,14,11,3,0,2,46.09,Falling,Stable,No
EMP_0909,35,Male,Maintenance,Night,584,24,37,18,0,4,72.87,Stable,Rising,No
EMP_0910,36,Male,Logistics,Evening,880,16,17,14,5,4,47.88,Stable,Stable,No
EMP_0911,32,Male,Maintenance,Evening,1118,14,4,10,7,1,47.79,Rising,Stable,No
EMP_0912,34,Male,Maintenance,Evening,1346,3,26,11,0,2,17.08,Rising,Stable,No
EMP_0913,42,Male,Maintenance,Night,1120,24,10,2,1,3,67.62,Stable,Stable,No
EMP_0914,57,Male,Production,Morning,1244,2,20,13,0,4,8.39,Stable,Stable,No
EMP_0915,21,Male,Quality,Evening,763,8,44,19,0,3,32.33,Falling,Rising,No
EMP_0916,31,Male,Logistics,Evening,1214,12,44,11,4,4,46.23,Falling,Stable,No
EMP_0917,57,Male,Maintenance,Morning,1056,0,19,16,4,5,14.97,Rising,Stable,No
EMP_0918,39,Male,Production,Morning,765,21,25,12,1,2,46.91,Stable,Stable,No
EMP_0919,37,Female,Quality,Morning,595,16,40,16,2,5,45.24,Falling,Stable,No
EMP_0920,34,Male,Logistics,Night,566,19,39,15,6,1,80.57,Stable,Stable,Yes
EMP_0921,46,Male,Quality,Morning,1362,14,22,3,7,4,48.29,Rising,Stable,No
EMP_0922,23,Male,Production,Night,1012,2,42,16,6,1,56.78,Falling,Stable,No
EMP_0923,26,Male,Quality,Evening,1491,14,11,4,3,4,40.84,Stable,Stable,No
EMP_0924,33,Male,Quality,Night,961,7,12,7,0,3,40.62,Stable,Falling,No
EMP_0925,27,Male,Maintenance,Night,1265,14,38,14,2,5,64.09,Rising,Falling,No
EMP_0926,36,Male,Production,Evening,1182,2,31,1,2,2,21.09,Stable,Stable,No
EMP_0927,38,Male,Maintenance,Night,1274,22,43,17,3,1,77.76,Stable,Stable,Yes
EMP_0928,54,Male,Production,Morning,1443,0,1,10,6,1,16.72,Stable,Stable,No
EMP_0929,44,Male,Quality,Morning,898,0,30,4,1,3,13.17,Stable,Stable,No
EMP_0930,20,Male,Logistics,Night,1069,8,40,17,4,2,61.69,Stable,Stable,No
EMP_0931,56,Male,Production,Morning,1296,5,33,9,5,4,28.83,Rising,Rising,No
EMP_0932,24,Male,Quality,Night,751,8,14,17,0,4,44.91,Falling,Stable,No
EMP_0933,21,Female,Production,Night,1071,14,5,4,3,2,60.76,Falling,Stable,No
EMP_0934,39,Male,Logistics,Morning,959,0,28,18,2,3,16.47,Falling,Stable,No
EMP_0935,41,Female,Production,Evening,1287,5,2,9,1,3,15.69,Rising,Stable,No
EMP_0936,44,Male,Quality,Morning,675,1,44,12,6,5,30.38,Stable,Stable,No
EMP_0937,40,Female,Maintenance,Night,1167,8,23,5,4,2,52.91,Stable,Stable,No
EMP_0938,38,Male,Maintenance,Night,1287,12,3,8,0,2,45.37,Falling,Stable,No
EMP_0939,48,Male,Production,Night,1212,19,28,9,5,5,72.12,Stable,Rising,No
EMP_0940,50,Male,Logistics,Evening,867,8,25,3,3,5,28.36,Stable,Stable,No
EMP_0941,20,Female,Logistics,Night,910,15,24,8,6,4,74.33,Stable,Stable,No
EMP_0942,57,Male,Maintenance,Evening,1423,9,10,3,5,1,29.87,Stable,Stable,No
EMP_0943,56,Female,Logistics,Morning,1047,5,11,9,1,5,13.94,Stable,Rising,No
EMP_0944,48,Female,Maintenance,Morning,540,5,25,2,5,4,29.06,Stable,Stable,No
EMP_0945,50,Male,Quality,Evening,1272,5,42,2,0,3,19.83,Falling,Stable,No
EMP_0946,45,Male,Quality,Evening,1072,16,36,18,7,3,54.85,Falling,Stable,No
EMP_0947,30,Female,Quality,Morning,614,8,12,17,6,1,37.97,Stable,Stable,No
EMP_0948,41,Male,Maintenance,Night,948,6,2,19,2,1,39.79,Rising,Falling,No
EMP_0949,33,Male,Quality,Night,662,13,20,13,6,2,66.99,Stable,Stable,No
EMP_0950,53,Female,Production,Evening,529,22,36,7,4,4,54.95,Stable,Stable,No
EMP_0951,21,Male,Maintenance,Evening,1346,6,23,16,6,3,39.46,Stable,Rising,No
EMP_0952,33,Male,Production,Night,613,2,5,3,4,4,41.06,Rising,Stable,No
EMP_0953,23,Male,Maintenance,Night,477,15,16,14,7,4,74.31,Falling,Stable,No
EMP_0954,46,Male,Production,Night,1041,18,25,7,5,5,70.36,Stable,Falling,No
EMP_0955,28,Male,Quality,Night,997,20,26,3,3,3,73.28,Falling,Stable,No
EMP_0956,40,Male,Quality,Night,591,5,25,18,1,4,41.06,Stable,Rising,No
EMP_0957,21,Male,Logistics,Night,1047,15,2,11,1,3,56.69,Falling,Falling,No
EMP_0958,57,Male,Maintenance,Evening,913,19,26,1,7,4,54.43,Stable,Falling,No
EMP_0959,56,Male,Quality,Night,1358,2,26,8,3,4,37.48,Stable,Rising,No
EMP_0960,54,Male,Quality,Morning,1155,16,19,15,6,3,46.32,Stable,Falling,No
EMP_0961,20,Female,Logistics,Evening,1288,1,19,19,1,1,18.32,Falling,Falling,No
EMP_0962,43,Male,Logistics,Evening,1193,5,4,13,2,3,18.14,Rising,Stable,No
EMP_0963,56,Female,Logistics,Night,1338,21,40,8,7,2,80.99,Falling,Stable,Yes
EMP_0964,48,Male,Quality,Morning,705,7,26,3,5,1,32.48,Rising,Stable,No
EMP_0965,24,Male,Production,Evening,774,19,40,11,6,5,63.29,Rising,Stable,No
EMP_0966,33,Male,Logistics,Evening,1054,3,35,5,0,2,19.33,Falling,Stable,No
EMP_0967,39,Male,Maintenance,Evening,532,3,36,10,5,3,30.55,Stable,Falling,No
EMP_0968,38,Male,Quality,Evening,1156,23,17,2,2,2,51.08,Falling,Rising,No
EMP_0969,31,Male,Logistics,Night,649,14,29,9,1,3,58.59,Stable,Falling,No
EMP_0970,29,Male,Maintenance,Night,550,16,25,8,5,5,71.41,Stable,Rising,No
EMP_0971,22,Male,Maintenance,Morning,1240,23,30,5,2,2,57.97,Rising,Stable,No
EMP_0972,52,Male,Maintenance,Night,686,6,20,3,3,2,43.54,Falling,Stable,No
EMP_0973,32,Male,Maintenance,Evening,545,11,12,5,6,1,42.27,Stable,Stable,No
EMP_0974,56,Male,Logistics,Night,885,18,11,19,5,1,64.74,Falling,Stable,No
EMP_0975,30,Female,Logistics,Night,482,14,22,10,1,2,57.29,Falling,Stable,No
EMP_0976,32,Male,Logistics,Night,927,20,12,15,7,2,79.17,Rising,Rising,Yes
EMP_0977,32,Male,Logistics,Morning,582,5,19,5,2,5,24.22,Stable,Falling,No
EMP_0978,43,Female,Maintenance,Morning,1074,9,28,17,1,3,27.37,Rising,Falling,No
EMP_0979,37,Male,Logistics,Evening,1010,18,28,17,0,4,40.77,Rising,Stable,No
EMP_0980,36,Male,Production,Morning,750,18,14,3,6,5,52.91,Stable,Stable,No
EMP_0981,30,Male,Production,Evening,497,2,36,15,5,5,31.2,Falling,Rising,No
EMP_0982,21,Male,Maintenance,Morning,1229,6,43,0,6,1,43.91,Stable,Falling,No
EMP_0983,55,Male,Quality,Evening,928,13,11,3,1,2,26.99,Rising,Stable,No
EMP_0984,27,Male,Production,Evening,1299,20,29,8,3,3,54.19,Rising,Stable,No
EMP_0985,47,Female,Maintenance,Morning,1313,1,26,8,6,2,25.63,Falling,Stable,No
EMP_0986,46,Male,Quality,Morning,903,19,4,12,5,3,47.29,Stable,Falling,No
EMP_0987,40,Female,Logistics,Evening,810,18,30,17,4,2,50.47,Falling,Stable,No
EMP_0988,19,Male,Quality,Evening,544,21,33,4,6,5,66.18,Stable,Stable,No
EMP_0989,30,Male,Quality,Night,855,3,19,5,6,1,51.52,Rising,Falling,No
EMP_0990,22,Female,Production,Evening,1276,5,15,12,7,4,38.33,Stable,Stable,No
EMP_0991,42,Male,Quality,Evening,861,1,10,4,3,5,15.82,Stable,Falling,No
EMP_0992,21,Male,Maintenance,Night,562,14,31,8,1,2,61.54,Rising,Rising,Yes
EMP_0993,24,Male,Maintenance,Night,1189,0,31,10,5,2,48.39,Rising,Stable,No
EMP_0994,19,Male,Maintenance,Evening,1450,24,23,10,0,5,53.76,Falling,Stable,No
EMP_0995,35,Female,Maintenance,Night,887,12,32,10,0,4,52.56,Stable,Stable,No
EMP_0996,21,Female,Logistics,Morning,680,2,31,13,0,4,19.84,Falling,Stable,No
EMP_0997,21,Male,Production,Morning,1225,0,29,9,1,3,18.69,Falling,Stable,No
EMP_0998,27,Male,Maintenance,Night,1048,0,30,5,4,3,44.92,Falling,Stable,No
EMP_0999,36,Male,Logistics,Evening,918,10,40,9,2,1,35.89,Falling,Stable,No
EMP_1000,51,Male,Maintenance,Night,1454,15,27,9,6,1,67.25,Stable,Rising,No
EMP_1001,44,Female,Logistics,Morning,1143,16,34,16,1,5,39.66,Rising,Stable,No
EMP_1002,40,Male,Quality,Night,860,15,1,11,4,5,59.22,Rising,Stable,No
EMP_1003,19,Male,Production,Morning,576,20,21,19,3,1,54.42,Stable,Falling,No
EMP_1004,37,Male,Quality,Evening,1002,11,8,13,0,5,25.13,Falling,Falling,No
EMP_1005,24,Male,Quality,Morning,1215,0,22,4,0,3,13.89,Stable,Stable,No
EMP_1006,44,Female,Production,Evening,690,19,19,18,2,3,43.62,Stable,Stable,No
EMP_1007,39,Male,Logistics,Evening,1493,19,38,6,4,3,54.09,Stable,Stable,No
EMP_1008,23,Male,Maintenance,Night,803,2,28,9,0,2,38.67,Stable,Stable,No
EMP_1009,36,Male,Quality,Evening,1442,17,5,10,5,3,46.81,Rising,Stable,No
EMP_1010,33,Female,Quality,Night,1440,8,43,13,3,4,56.61,Stable,Stable,No
EMP_1011,38,Male,Logistics,Night,957,3,30,0,2,4,41.97,Falling,Stable,No
EMP_1012,46,Male,Logistics,Night,555,12,33,12,7,5,67.53,Falling,Stable,No
EMP_1013,55,Male,Quality,Night,554,23,44,1,1,4,70.33,Falling,Rising,No
EMP_1014,27,Female,Maintenance,Night,540,3,23,13,1,3,40.66,Stable,Stable,No
EMP_1015,44,Male,Production,Night,1423,23,25,17,3,2,73.86,Stable,Stable,No
EMP_1016,38,Male,Quality,Evening,846,5,24,19,1,2,21.33,Stable,Stable,No
EMP_1017,25,Male,Quality,Evening,995,13,44,18,4,2,49.33,Rising,Falling,No
EMP_1018,27,Female,Logistics,Morning,1307,21,40,13,6,2,65.74,Stable,Falling,No
EMP_1019,51,Male,Production,Night,768,10,36,6,4,4,56.25,Stable,Falling,No
EMP_1020,40,Male,Logistics,Night,1243,8,2,19,6,3,53.24,Stable,Falling,No
EMP_1021,19,Female,Maintenance,Evening,474,14,39,4,2,4,46.32,Stable,Falling,No
EMP_1022,26,Male,Quality,Morning,945,20,41,12,4,2,59.61,Rising,Falling,No
EMP_1023,52,Female,Logistics,Night,1474,3,42,2,1,1,38.63,Stable,Stable,No
EMP_1024,57,Female,Logistics,Evening,598,14,25,0,2,3,33.71,Falling,Falling,No
EMP_1025,43,Female,Production,Morning,1060,24,33,16,2,4,54.98,Rising,Stable,No
EMP_1026,51,Male,Logistics,Evening,590,4,13,9,1,2,14.04,Rising,Stable,Yes
EMP_1027,27,Male,Maintenance,Night,661,6,41,14,3,1,54.46,Falling,Falling,No
EMP_1028,35,Male,Production,Night,813,7,26,15,0,2,43.23,Stable,Rising,No
EMP_1029,29,Male,Production,Morning,1088,2,33,7,7,5,35.78,Stable,Stable,No
EMP_1030,37,Male,Production,Night,1021,14,5,6,0,2,49.26,Falling,Rising,No
EMP_1031,40,Male,Quality,Morning,1439,16,12,4,2,5,38.27,Stable,Stable,No
EMP_1032,27,Female,Quality,Morning,1312,10,36,4,7,2,49.75,Stable,Falling,No
EMP_1033,28,Female,Quality,Evening,1130,21,29,4,4,5,58.04,Rising,Stable,No
EMP_1034,43,Female,Maintenance,Evening,837,16,11,8,0,1,32.29,Stable,Stable,No
EMP_1035,39,Male,Production,Night,1447,23,35,4,7,1,87.33,Rising,Falling,Yes
EMP_1036,29,Male,Maintenance,Night,1102,2,5,3,2,5,37.06,Rising,Rising,No
EMP_1037,38,Male,Maintenance,Morning,529,12,34,8,1,5,34.76,Rising,Falling,No
EMP_1038,30,Male,Logistics,Night,469,7,13,7,6,5,56.59,Falling,Stable,No
EMP_1039,57,Male,Production,Night,521,0,33,8,4,3,38.08,Stable,Stable,No
EMP_1040,33,Male,Production,Evening,1366,17,2,10,5,5,46.89,Rising,Rising,No
EMP_1041,24,Male,Logistics,Night,1169,22,12,1,3,1,74.37,Rising,Falling,No
EMP_1042,35,Male,Maintenance,Night,928,11,42,0,5,1,65.68,Stable,Rising,No
EMP_1043,23,Female,Quality,Night,1202,4,10,9,1,5,40.37,Stable,Falling,No
EMP_1044,33,Male,Maintenance,Night,896,4,15,14,5,3,48.98,Rising,Stable,No
EMP_1045,50,Male,Maintenance,Night,687,24,41,2,0,4,70.01,Rising,Falling,No
EMP_1046,21,Male,Quality,Evening,613,9,39,12,1,5,35.32,Rising,Rising,No
EMP_1047,21,Male,Production,Night,740,20,16,13,4,5,75.31,Stable,Stable,No
EMP_1048,33,Male,Maintenance,Night,1198,13,26,7,7,3,70.83,Stable,Falling,No
EMP_1049,50,Male,Maintenance,Evening,493,8,13,18,5,5,30.69,Stable,Rising,No
EMP_1050,26,Male,Production,Evening,608,16,7,19,5,1,48.16,Falling,Stable,No
EMP_1051,24,Male,Logistics,Evening,1347,11,37,0,4,1,44.82,Stable,Stable,No
EMP_1052,23,Male,Quality,Morning,647,0,27,4,2,5,20.25,Falling,Rising,No
EMP_1053,34,Male,Quality,Morning,1460,1,29,3,4,1,24.54,Stable,Falling,No
EMP_1054,35,Male,Quality,Night,1466,8,40,13,7,3,65.44,Stable,Stable,No
EMP_1055,57,Male,Maintenance,Morning,1116,5,26,3,0,4,14.53,Stable,Stable,No
EMP_1056,23,Male,Logistics,Night,1332,22,15,4,2,5,72.78,Falling,Rising,No
EMP_1057,42,Male,Maintenance,Evening,532,0,38,13,2,5,17.94,Stable,Rising,No
EMP_1058,45,Male,Maintenance,Morning,979,23,22,15,3,4,52.94,Falling,Falling,No
EMP_1059,43,Female,Production,Evening,1041,2,13,1,6,5,25.34,Rising,Stable,No
EMP_1060,39,Male,Logistics,Night,1292,7,17,3,0,3,40.23,Falling,Stable,No
EMP_1061,26,Male,Quality,Evening,747,12,43,3,4,5,47.26,Rising,Stable,No
EMP_1062,52,Male,Quality,Evening,747,11,15,4,7,3,40.43,Stable,Stable,No
EMP_1063,33,Male,Logistics,Morning,1390,3,32,16,1,3,21.16,Rising,Rising,No
EMP_1064,53,Male,Production,Night,1314,5,2,18,6,4,45.19,Stable,Stable,No
EMP_1065,44,Female,Quality,Night,645,17,36,13,3,4,66.7,Stable,Stable,No
EMP_1066,54,Male,Maintenance,Night,507,6,33,10,2,2,43.43,Stable,Falling,No
EMP_1067,52,Male,Quality,Morning,1302,19,23,15,4,2,47.51,Falling,Stable,No
EMP_1068,53,Male,Logistics,Morning,860,21,38,8,0,3,43.79,Stable,Stable,No
EMP_1069,33,Male,Logistics,Morning,1156,20,33,1,3,3,53.58,Falling,Falling,No
EMP_1070,21,Male,Production,Evening,1082,15,24,3,0,1,39.08,Rising,Falling,No
EMP_1071,27,Male,Maintenance,Morning,1001,21,20,0,3,3,53.79,Falling,Rising,No
EMP_1072,54,Male,Quality,Night,1108,9,29,8,4,4,52.34,Falling,Stable,No
EMP_1073,44,Male,Quality,Morning,691,23,23,3,4,4,55.91,Stable,Falling,No
EMP_1074,28,Male,Logistics,Night,1150,23,6,4,3,2,73.63,Rising,Rising,No
EMP_1075,48,Male,Maintenance,Night,1170,16,23,1,1,2,56.21,Rising,Falling,No
EMP_1076,54,Male,Logistics,Evening,535,10,21,10,0,4,22.17,Stable,Stable,No
EMP_1077,35,Male,Logistics,Night,1354,15,15,9,2,1,58.58,Stable,Rising,No
EMP_1078,43,Male,Logistics,Evening,1236,6,10,18,1,5,18.57,Stable,Stable,No
EMP_1079,29,Female,Production,Morning,466,16,27,3,5,3,51.85,Falling,Stable,No
EMP_1080,49,Female,Production,Evening,1041,11,24,4,6,1,40.68,Stable,Stable,No
EMP_1081,30,Male,Maintenance,Evening,521,14,1,2,3,1,37.62,Rising,Stable,Yes
EMP_1082,43,Male,Quality,Evening,488,14,31,0,5,5,46.04,Rising,Stable,No
EMP_1083,44,Male,Quality,Evening,1352,19,28,0,6,4,55.62,Stable,Falling,No
EMP_1084,57,Female,Production,Morning,527,15,14,1,7,1,45.36,Stable,Stable,No
EMP_1085,31,Male,Logistics,Morning,526,9,40,18,6,2,45.54,Rising,Stable,Yes
EMP_1086,48,Male,Quality,Night,799,22,33,11,1,2,68.03,Stable,Rising,No
EMP_1087,21,Male,Maintenance,Evening,1088,0,19,14,5,4,26.47,Rising,Stable,No
EMP_1088,49,Female,Logistics,Morning,1089,15,15,15,0,3,30.08,Stable,Falling,No
EMP_1089,39,Male,Logistics,Night,1105,8,39,11,0,3,46.72,Rising,Rising,No
EMP_1090,53,Female,Quality,Night,969,0,22,11,5,3,39.14,Rising,Rising,No
EMP_1091,47,Female,Logistics,Evening,1149,11,44,6,7,1,48.13,Rising,Stable,No
EMP_1092,31,Male,Quality,Morning,532,1,23,4,6,4,28.96,Rising,Falling,No
EMP_1093,48,Female,Quality,Evening,761,17,21,7,0,2,34.87,Stable,Rising,No
EMP_1094,24,Male,Logistics,Night,791,14,33,0,3,2,66.23,Falling,Falling,No
EMP_1095,29,Male,Quality,Evening,529,12,12,17,5,1,42.12,Falling,Stable,No
EMP_1096,29,Male,Maintenance,Evening,1332,21,30,17,0,3,48.02,Rising,Falling,No
EMP_1097,22,Male,Maintenance,Morning,630,8,19,9,5,4,39.02,Stable,Falling,No
EMP_1098,40,Male,Quality,Night,877,1,25,17,2,2,37.16,Stable,Rising,No
EMP_1099,52,Female,Quality,Morning,543,3,23,12,7,5,29.41,Stable,Stable,No
EMP_1100,48,Male,Quality,Evening,971,19,17,2,7,4,54.68,Stable,Stable,No
EMP_1101,23,Female,Quality,Night,1180,13,13,15,2,4,57.94,Stable,Stable,No
EMP_1102,49,Male,Quality,Morning,1339,18,20,8,3,3,43.49,Falling,Stable,No
EMP_1103,46,Female,Production,Evening,626,0,39,13,2,4,17.17,Stable,Rising,No
EMP_1104,49,Male,Maintenance,Morning,1070,14,15,4,6,2,43.48,Stable,Rising,No
EMP_1105,41,Male,Quality,Night,659,0,44,17,1,1,37.03,Stable,Stable,No
EMP_1106,21,Male,Quality,Morning,1023,9,10,7,6,4,41.37,Stable,Stable,No
EMP_1107,53,Male,Production,Night,1299,10,9,19,5,4,52.25,Rising,Rising,No
EMP_1108,39,Male,Maintenance,Evening,1317,24,27,14,5,3,62.15,Falling,Falling,No
EMP_1109,39,Female,Quality,Morning,648,17,15,10,1,2,38.28,Rising,Stable,No
EMP_1110,28,Male,Maintenance,Evening,934,10,37,6,1,5,34.72,Stable,Falling,No
EMP_1111,30,Female,Quality,Evening,1006,17,18,14,7,1,56.2,Falling,Stable,No
EMP_1112,45,Male,Maintenance,Morning,674,9,15,3,4,1,31.48,Rising,Stable,No
EMP_1113,55,Female,Logistics,Evening,1225,7,16,0,1,1,18.51,Falling,Falling,No
EMP_1114,30,Male,Production,Evening,1342,17,44,10,4,4,54.48,Falling,Rising,No
EMP_1115,41,Female,Logistics,Morning,1277,1,1,15,5,1,19.07,Rising,Falling,No
EMP_1116,40,Male,Logistics,Morning,536,1,6,0,3,5,15.43,Rising,Stable,No
EMP_1117,41,Male,Quality,Night,758,3,27,19,3,3,43.05,Falling,Falling,No
EMP_1118,41,Male,Quality,Night,520,20,5,17,3,1,65.36,Rising,Stable,Yes
EMP_1119,33,Male,Maintenance,Night,562,3,10,3,0,1,33.77,Falling,Stable,No
EMP_1120,44,Male,Quality,Evening,1359,14,36,12,6,2,49.4,Falling,Stable,No
EMP_1121,46,Male,Maintenance,Morning,529,1,3,19,1,4,8.27,Stable,Stable,No
EMP_1122,31,Male,Quality,Night,947,13,20,8,5,4,64.99,Rising,Stable,No
EMP_1123,53,Female,Production,Evening,951,20,37,7,1,1,44.47,Rising,Stable,No
EMP_1124,55,Female,Logistics,Night,1168,15,27,5,0,5,51.25,Falling,Rising,No
EMP_1125,56,Female,Logistics,Night,932,20,28,19,1,2,61.72,Falling,Stable,No
EMP_1126,22,Male,Quality,Morning,1134,6,28,16,7,5,42.82,Stable,Rising,No
EMP_1127,32,Male,Quality,Morning,1135,3,36,11,0,4,19.8,Rising,Stable,No
EMP_1128,55,Male,Logistics,Evening,1220,5,37,11,6,1,32.47,Stable,Stable,No
EMP_1129,26,Male,Quality,Night,763,3,12,2,0,1,35.97,Rising,Falling,No
EMP_1130,52,Male,Quality,Night,1433,3,3,11,4,5,37.47,Falling,Stable,No
EMP_1131,20,Female,Maintenance,Night,1023,10,6,13,1,2,49.83,Rising,Rising,No
EMP_1132,26,Male,Production,Morning,1264,13,40,10,3,1,45.69,Falling,Falling,No
EMP_1133,43,Female,Maintenance,Morning,688,17,16,19,3,5,42.51,Stable,Falling,No
EMP_1134,45,Female,Logistics,Night,669,13,29,8,4,4,60.99,Stable,Stable,No
EMP_1135,29,Male,Maintenance,Evening,816,24,43,5,2,2,60.71,Rising,Stable,No
EMP_1136,35,Female,Quality,Evening,529,13,27,2,4,1,43.05,Rising,Stable,Yes
EMP_1137,48,Male,Maintenance,Evening,963,20,26,19,7,2,58.28,Rising,Falling,No
EMP_1138,56,Female,Logistics,Evening,794,1,44,5,3,1,19.88,Stable,Stable,No
EMP_1139,28,Male,Production,Night,1485,19,11,9,3,4,68.34,Stable,Stable,No
EMP_1140,52,Male,Logistics,Morning,868,10,15,14,4,4,31.33,Stable,Rising,No
EMP_1141,33,Male,Quality,Evening,614,12,16,9,0,4,29.51,Stable,Rising,No
EMP_1142,40,Male,Maintenance,Night,1422,18,41,10,5,1,75.41,Stable,Stable,Yes
EMP_1143,43,Male,Quality,Night,1452,3,7,9,5,3,43.11,Stable,Stable,No
EMP_1144,32,Male,Maintenance,Night,1100,1,18,16,0,5,32.6,Falling,Stable,No
EMP_1145,43,Male,Quality,Morning,937,14,36,4,1,1,37.15,Falling,Stable,No
EMP_1146,35,Male,Production,Evening,934,6,5,0,5,2,29.46,Falling,Stable,No
EMP_1147,20,Male,Production,Morning,1201,18,32,3,0,1,45.91,Stable,Stable,No
EMP_1148,47,Male,Production,Night,1391,2,43,17,0,4,36.01,Falling,Stable,No
EMP_1149,39,Female,Quality,Morning,947,10,41,10,6,3,45.36,Rising,Rising,No
EMP_1150,20,Male,Quality,Morning,1109,24,19,6,7,4,70.12,Stable,Stable,No
EMP_1151,50,Male,Production,Morning,854,15,12,0,3,3,36.67,Rising,Stable,No
EMP_1152,26,Male,Quality,Morning,469,14,6,0,3,2,39.73,Stable,Rising,No
EMP_1153,54,Female,Production,Morning,1490,21,40,18,1,1,46.49,Stable,Stable,No
EMP_1154,45,Male,Production,Morning,1007,6,5,18,1,1,16.96,Rising,Rising,No
EMP_1155,45,Male,Maintenance,Night,750,20,44,2,4,4,75.53,Stable,Stable,No
EMP_1156,41,Female,Production,Morning,945,8,37,1,1,3,28.27,Stable,Stable,No
EMP_1157,30,Male,Logistics,Morning,1006,22,32,8,1,1,52.31,Stable,Falling,No
EMP_1158,24,Male,Production,Morning,542,9,2,18,0,4,23.84,Rising,Falling,No
EMP_1159,42,Male,Quality,Morning,1303,4,15,13,0,3,14.23,Stable,Stable,No
EMP_1160,55,Male,Quality,Evening,513,7,3,15,7,5,30.62,Stable,Stable,No
EMP_1161,43,Male,Logistics,Night,492,19,23,11,5,4,72.26,Rising,Stable,No
EMP_1162,38,Female,Quality,Morning,1163,17,12,15,2,1,40.37,Rising,Rising,No
EMP_1163,55,Female,Logistics,Morning,885,6,16,4,2,5,19.41,Falling,Stable,No
EMP_1164,24,Male,Quality,Morning,1199,5,37,0,3,3,32.72,Rising,Falling,No
EMP_1165,39,Male,Production,Evening,1041,14,3,5,7,2,45.82,Rising,Stable,No
EMP_1166,49,Male,Production,Evening,577,23,16,3,4,2,53.11,Rising,Rising,Yes
EMP_1167,51,Male,Quality,Morning,1168,18,4,0,7,5,49.44,Stable,Falling,No
EMP_1168,35,Female,Maintenance,Evening,1025,19,1,8,4,3,46.87,Falling,Rising,No
EMP_1169,51,Male,Production,Morning,629,14,23,18,0,4,29.76,Rising,Stable,No
EMP_1170,20,Female,Quality,Night,1356,24,14,5,3,5,79.01,Stable,Stable,No
EMP_1171,51,Female,Logistics,Evening,647,1,3,13,6,1,19.52,Stable,Stable,No
EMP_1172,20,Female,Production,Evening,1105,15,44,9,4,2,53.78,Stable,Stable,No
EMP_1173,32,Male,Maintenance,Morning,1251,17,38,12,4,1,52.64,Stable,Rising,No
EMP_1174,21,Male,Quality,Night,946,5,43,10,4,2,57.31,Rising,Rising,No
EMP_1175,44,Female,Maintenance,Morning,1457,1,40,5,4,2,24.49,Falling,Rising,No
EMP_1176,42,Male,Maintenance,Night,513,8,13,6,0,2,40.19,Stable,Falling,No
EMP_1177,30,Male,Logistics,Evening,546,12,36,0,0,2,34.7,Falling,Stable,No
EMP_1178,27,Female,Maintenance,Evening,1413,5,8,0,4,4,28.03,Falling,Falling,No
EMP_1179,22,Female,Production,Night,1350,9,34,5,3,1,58.96,Stable,Stable,No
EMP_1180,23,Male,Production,Evening,1314,5,17,13,1,5,23.53,Rising,Stable,No
EMP_1181,23,Female,Quality,Morning,983,4,31,7,5,5,35.04,Rising,Stable,No
EMP_1182,30,Male,Quality,Evening,1335,15,5,6,1,3,35.11,Falling,Falling,No
EMP_1183,29,Male,Production,Evening,896,3,17,1,2,3,21.33,Stable,Falling,No
EMP_1184,46,Male,Quality,Morning,1367,16,21,13,3,4,41.27,Stable,Stable,No
EMP_1185,45,Female,Quality,Night,549,8,7,7,6,4,53.11,Rising,Stable,No
EMP_1186,40,Male,Production,Evening,621,18,8,18,1,1,38.08,Stable,Stable,No
EMP_1187,21,Male,Production,Morning,501,12,17,8,5,4,45.23,Stable,Stable,No
EMP_1188,39,Male,Maintenance,Morning,1050,4,21,4,0,2,16.32,Stable,Rising,No
EMP_1189,29,Female,Quality,Night,464,16,41,18,7,1,79.96,Stable,Falling,Yes
EMP_1190,46,Male,Logistics,Morning,965,16,33,1,7,1,53.93,Stable,Stable,No
EMP_1191,47,Female,Logistics,Morning,780,2,18,4,6,5,25.45,Falling,Stable,No
EMP_1192,35,Male,Maintenance,Evening,1208,7,8,9,0,2,19.23,Falling,Rising,No
EMP_1193,28,Male,Production,Night,1456,4,17,5,5,5,50.68,Stable,Falling,No
EMP_1194,33,Female,Quality,Morning,518,19,44,12,1,5,49.43,Stable,Stable,No
EMP_1195,47,Male,Production,Evening,898,0,3,19,1,2,6.42,Rising,Rising,No
EMP_1196,22,Male,Logistics,Night,1348,15,44,15,0,3,63.28,Falling,Rising,No
EMP_1197,57,Female,Production,Evening,509,7,7,4,4,5,23.51,Stable,Stable,No
EMP_1198,42,Male,Quality,Morning,1192,1,27,16,3,2,19.6,Stable,Falling,No
EMP_1199,42,Male,Maintenance,Night,665,0,12,14,6,3,42.17,Rising,Stable,No
EMP_1200,32,Male,Logistics,Morning,846,20,32,5,6,4,61.11,Stable,Rising,No
